date,Primary J&J/Janssen dose,Primary mRNA dose 1,Primary mRNA dose 2,First original booster dose,Second original booster dose,First 2022 bivalent dose,First 2023 updated dose,Unknown/Other,Population,At_least_one_dose,Cumulative_one_dose,Two_doses,Cumulative_Full_Vax,Perc_Full_Vax
12/12/2020,0,15,0,0,0,0,0,8,2260800,15,15,0,0,0
12/13/2020,0,3,0,0,0,0,0,0,2260800,3,18,0,0,0
12/14/2020,0,3,0,0,0,0,0,2,2260800,3,21,0,0,0
12/15/2020,0,28,0,0,0,0,0,4,2260800,28,49,0,0,0
12/16/2020,0,704,0,0,0,0,0,1,2260800,704,753,0,0,0
12/17/2020,0,1039,0,0,0,0,0,3,2260800,1039,1792,0,0,0
12/18/2020,0,3644,0,0,0,0,0,1,2260800,3644,5436,0,0,0
12/19/2020,0,2560,0,0,0,0,0,0,2260800,2560,7996,0,0,0
12/20/2020,0,2004,0,0,0,0,0,1,2260800,2004,10000,0,0,0
12/21/2020,0,1561,0,0,0,0,0,3,2260800,1561,11561,0,0,0
12/22/2020,0,1795,0,0,0,0,0,2,2260800,1795,13356,0,0,0
12/23/2020,0,2238,0,0,0,0,0,2,2260800,2238,15594,0,0,0
12/24/2020,0,2089,0,0,0,0,0,5,2260800,2089,17683,0,0,0
12/25/2020,0,196,0,0,0,0,0,0,2260800,196,17879,0,0,0
12/26/2020,0,2812,0,0,0,0,0,1,2260800,2812,20691,0,0,0
12/27/2020,0,2683,0,0,0,0,0,0,2260800,2683,23374,0,0,0
12/28/2020,0,3066,0,0,0,0,0,4,2260800,3066,26440,0,0,0
12/29/2020,0,4395,0,0,0,0,0,1,2260800,4395,30835,0,0,0
12/30/2020,0,4535,0,0,0,0,0,4,2260800,4535,35370,0,0,0
12/31/2020,0,3026,1,0,0,0,0,5,2260800,3026,38396,1,1,4.42321E-05
1/1/2021,0,897,0,0,0,0,0,10,2260800,897,39293,0,1,4.42321E-05
1/2/2021,0,3821,15,0,0,0,0,4,2260800,3821,43114,15,16,0.000707714
1/3/2021,0,2505,21,0,0,0,0,1,2260800,2505,45619,21,37,0.001636589
1/4/2021,0,2931,547,0,0,0,0,7,2260800,2931,48550,547,584,0.025831564
1/5/2021,0,2882,736,0,0,0,0,7,2260800,2882,51432,736,1320,0.058386412
1/6/2021,0,3878,1492,0,0,0,0,6,2260800,3878,55310,1492,2812,0.12438075
1/7/2021,0,4029,1535,0,0,0,0,7,2260800,4029,59339,1535,4347,0.19227707
1/8/2021,0,5049,2268,0,0,0,0,10,2260800,5049,64388,2268,6615,0.292595541
1/9/2021,0,3558,2072,0,0,0,0,7,2260800,3558,67946,2072,8687,0.384244515
1/10/2021,0,2801,1418,0,0,0,0,5,2260800,2801,70747,1418,10105,0.446965676
1/11/2021,0,3576,1376,0,0,0,0,8,2260800,3576,74323,1376,11481,0.507829087
1/12/2021,0,4701,1480,0,0,0,0,12,2260800,4701,79024,1480,12961,0.57329264
1/13/2021,0,4847,1412,0,0,0,0,7,2260800,4847,83871,1412,14373,0.635748408
1/14/2021,0,5809,1782,0,0,0,0,16,2260800,5809,89680,1782,16155,0.714570064
1/15/2021,0,5733,1777,0,0,0,0,8,2260800,5733,95413,1777,17932,0.793170559
1/16/2021,0,6999,1402,0,0,0,0,3,2260800,6999,102412,1402,19334,0.855184006
1/17/2021,0,3306,1210,0,0,0,0,1,2260800,3306,105718,1210,20544,0.908704883
1/18/2021,0,5071,1229,0,0,0,0,9,2260800,5071,110789,1229,21773,0.963066171
1/19/2021,0,7878,1336,0,0,0,0,11,2260800,7878,118667,1336,23109,1.022160297
1/20/2021,0,8922,2241,0,0,0,0,10,2260800,8922,127589,2241,25350,1.121284501
1/21/2021,0,9741,1854,0,0,0,0,16,2260800,9741,137330,1854,27204,1.20329087
1/22/2021,0,9514,2044,0,0,0,0,10,2260800,9514,146844,2044,29248,1.293701345
1/23/2021,0,9504,2038,0,0,0,0,8,2260800,9504,156348,2038,31286,1.383846426
1/24/2021,0,7873,1454,0,0,0,0,3,2260800,7873,164221,1454,32740,1.448159943
1/25/2021,0,8523,2092,0,0,0,0,8,2260800,8523,172744,2092,34832,1.54069356
1/26/2021,0,9321,3826,0,0,0,0,4,2260800,9321,182065,3826,38658,1.70992569
1/27/2021,0,6716,3361,0,0,0,0,12,2260800,6716,188781,3361,42019,1.85858988
1/28/2021,0,7622,2949,0,0,0,0,9,2260800,7622,196403,2949,44968,1.989030432
1/29/2021,0,8284,3324,0,0,0,0,20,2260800,8284,204687,3324,48292,2.136058033
1/30/2021,0,7360,3994,0,0,0,0,6,2260800,7360,212047,3994,52286,2.312721161
1/31/2021,0,6576,2581,0,0,0,0,4,2260800,6576,218623,2581,54867,2.426884289
2/1/2021,0,5388,2718,0,0,0,0,17,2260800,5388,224011,2718,57585,2.547107219
2/2/2021,0,6883,3050,0,0,0,0,14,2260800,6883,230894,3050,60635,2.682015216
2/3/2021,0,7056,3910,0,0,0,0,16,2260800,7056,237950,3910,64545,2.854962845
2/4/2021,0,6735,4430,0,0,0,0,11,2260800,6735,244685,4430,68975,3.050911182
2/5/2021,0,6538,4059,0,0,0,0,20,2260800,6538,251223,4059,73034,3.230449398
2/6/2021,0,6344,3635,0,0,0,0,11,2260800,6344,257567,3635,76669,3.391233192
2/7/2021,0,1419,2496,0,0,0,0,3,2260800,1419,258986,2496,79165,3.501636589
2/8/2021,0,4350,5167,0,0,0,0,15,2260800,4350,263336,5167,84332,3.730184006
2/9/2021,0,5920,5612,0,0,0,0,12,2260800,5920,269256,5612,89944,3.97841472
2/10/2021,0,6263,6407,0,0,0,0,13,2260800,6263,275519,6407,96351,4.261809979
2/11/2021,0,7127,6189,0,0,0,0,9,2260800,7127,282646,6189,102540,4.535562633
2/12/2021,0,6345,7268,0,0,0,0,14,2260800,6345,288991,7268,109808,4.857041755
2/13/2021,0,1648,1864,0,0,0,0,6,2260800,1648,290639,1864,111672,4.939490446
2/14/2021,0,1006,1365,0,0,0,0,4,2260800,1006,291645,1365,113037,4.999867304
2/15/2021,0,4410,9738,0,0,0,0,12,2260800,4410,296055,9738,122775,5.430599788
2/16/2021,0,6031,7302,0,0,0,0,13,2260800,6031,302086,7302,130077,5.753582803
2/17/2021,0,5452,8319,0,0,0,0,15,2260800,5452,307538,8319,138396,6.121549894
2/18/2021,0,4948,7749,0,0,0,0,10,2260800,4948,312486,7749,146145,6.464304671
2/19/2021,0,4450,6048,0,0,0,0,14,2260800,4450,316936,6048,152193,6.731820594
2/20/2021,0,3751,8491,0,0,0,0,9,2260800,3751,320687,8491,160684,7.107395612
2/21/2021,0,1877,4418,0,0,0,0,2,2260800,1877,322564,4418,165102,7.302813163
2/22/2021,0,2164,2979,0,0,0,0,17,2260800,2164,324728,2979,168081,7.434580679
2/23/2021,0,4679,8000,0,0,0,0,12,2260800,4679,329407,8000,176081,7.788437721
2/24/2021,0,5635,7750,0,0,0,0,24,2260800,5635,335042,7750,183831,8.13123673
2/25/2021,0,7769,8816,0,0,0,0,6,2260800,7769,342811,8816,192647,8.52118719
2/26/2021,0,8211,10560,0,0,0,0,19,2260800,8211,351022,10560,203207,8.988278485
2/27/2021,4,10540,10033,0,0,0,0,13,2260800,10544,361566,10037,213244,9.432236377
2/28/2021,4,5990,5208,0,0,0,0,7,2260800,5994,367560,5212,218456,9.662774239
3/1/2021,22,7735,5657,0,0,0,0,21,2260800,7757,375317,5679,224135,9.913968507
3/2/2021,2,11025,5938,0,0,0,0,29,2260800,11027,386344,5940,230075,10.17670736
3/3/2021,12,10542,7868,0,0,0,0,23,2260800,10554,396898,7880,237955,10.52525655
3/4/2021,15,10748,6640,0,0,0,0,27,2260800,10763,407661,6655,244610,10.81962137
3/5/2021,142,12374,6438,0,0,0,0,18,2260800,12516,420177,6580,251190,11.11066879
3/6/2021,774,14538,5803,0,0,0,0,29,2260800,15312,435489,6577,257767,11.40158351
3/7/2021,28,10303,1129,0,0,0,0,14,2260800,10331,445820,1157,258924,11.45276008
3/8/2021,746,6129,4341,0,0,0,0,22,2260800,6875,452695,5087,264011,11.67776893
3/9/2021,416,10752,5295,0,0,0,0,11,2260800,11168,463863,5711,269722,11.93037863
3/10/2021,787,10773,5337,0,0,0,0,12,2260800,11560,475423,6124,275846,12.20125619
3/11/2021,920,10794,6946,0,0,0,0,23,2260800,11714,487137,7866,283712,12.54918613
3/12/2021,1050,10869,6261,0,0,0,0,16,2260800,11919,499056,7311,291023,12.87256723
3/13/2021,3619,16065,4627,0,0,0,0,20,2260800,19684,518740,8246,299269,13.23730538
3/14/2021,4451,3645,1778,0,0,0,0,2,2260800,8096,526836,6229,305498,13.51282732
3/15/2021,612,7930,3929,0,0,0,0,20,2260800,8542,535378,4541,310039,13.71368542
3/16/2021,698,11096,5633,0,0,0,0,18,2260800,11794,547172,6331,316370,13.99371904
3/17/2021,924,13105,6771,0,0,0,0,22,2260800,14029,561201,7695,324065,14.33408528
3/18/2021,398,14005,6262,0,0,0,0,18,2260800,14403,575604,6660,330725,14.62867127
3/19/2021,451,14201,6321,0,0,0,0,13,2260800,14652,590256,6772,337497,14.92821125
3/20/2021,598,17529,6381,0,0,0,0,18,2260800,18127,608383,6979,344476,15.23690729
3/21/2021,878,8037,3808,0,0,0,0,5,2260800,8915,617298,4686,349162,15.44417905
3/22/2021,539,9418,3665,0,0,0,0,15,2260800,9957,627255,4204,353366,15.63013093
3/23/2021,195,12230,7337,0,0,0,0,13,2260800,12425,639680,7532,360898,15.96328733
3/24/2021,162,17448,8093,0,0,0,0,22,2260800,17610,657290,8255,369153,16.32842357
3/25/2021,184,15415,10271,0,0,0,0,20,2260800,15599,672889,10455,379608,16.79087049
3/26/2021,510,15138,11740,0,0,0,0,14,2260800,15648,688537,12250,391858,17.33271408
3/27/2021,851,15790,13118,0,0,0,0,7,2260800,16641,705178,13969,405827,17.95059271
3/28/2021,503,6202,9666,0,0,0,0,14,2260800,6705,711883,10169,415996,18.40038924
3/29/2021,299,9090,7106,0,0,0,0,8,2260800,9389,721272,7405,423401,18.72792817
3/30/2021,352,12722,10561,0,0,0,0,23,2260800,13074,734346,10913,434314,19.2106334
3/31/2021,1302,19275,14144,2,0,0,0,17,2260800,20577,754923,15446,449760,19.89384289
4/1/2021,1905,17469,12056,0,0,0,0,29,2260800,19374,774297,13961,463721,20.51136766
4/2/2021,3511,16558,12115,0,0,0,0,20,2260800,20069,794366,15626,479347,21.20253892
4/3/2021,3865,14847,16470,1,0,0,0,18,2260800,18712,813078,20335,499682,22.10199929
4/4/2021,252,4611,3407,0,0,0,0,9,2260800,4863,817941,3659,503341,22.26384466
4/5/2021,3339,13009,6258,0,0,0,0,23,2260800,16348,834289,9597,512938,22.68834041
4/6/2021,4100,17249,9785,0,0,0,0,34,2260800,21349,855638,13885,526823,23.30250354
4/7/2021,4364,23564,11675,3,0,0,0,30,2260800,27928,883566,16039,542862,24.01194268
4/8/2021,5771,14865,9487,3,0,0,0,38,2260800,20636,904202,15258,558120,24.68683652
4/9/2021,4618,16863,10666,2,0,0,0,30,2260800,21481,925683,15284,573404,25.3628804
4/10/2021,4529,18012,15698,1,0,0,0,19,2260800,22541,948224,20227,593631,26.25756369
4/11/2021,1078,8140,4043,0,0,0,0,14,2260800,9218,957442,5121,598752,26.48407643
4/12/2021,3968,10342,6924,2,0,0,0,23,2260800,14310,971752,10892,609644,26.9658528
4/13/2021,23,14386,11582,5,0,0,0,35,2260800,14409,986161,11605,621249,27.47916667
4/14/2021,31,14143,14743,1,0,0,0,22,2260800,14174,1000335,14774,636023,28.13265216
4/15/2021,53,18459,13253,1,0,0,0,19,2260800,18512,1018847,13306,649329,28.72120488
4/16/2021,6,21373,14728,1,0,0,0,16,2260800,21379,1040226,14734,664063,29.37292109
4/17/2021,2,21184,15967,2,0,0,0,21,2260800,21186,1061412,15969,680032,30.07926398
4/18/2021,1,11663,4695,3,0,0,0,18,2260800,11664,1073076,4696,684728,30.28697806
4/19/2021,3,13244,9575,3,0,0,0,17,2260800,13247,1086323,9578,694306,30.7106334
4/20/2021,9,17546,10877,5,0,0,0,25,2260800,17555,1103878,10886,705192,31.19214437
4/21/2021,7,19008,18566,3,0,0,0,35,2260800,19015,1122893,18573,723765,32.01366773
4/22/2021,10,16569,16105,4,0,0,0,37,2260800,16579,1139472,16115,739880,32.72646851
4/23/2021,2,15503,17245,3,0,0,0,27,2260800,15505,1154977,17247,757127,33.48934006
4/24/2021,66,25916,16514,2,0,0,0,13,2260800,25982,1180959,16580,773707,34.22270878
4/25/2021,50,10857,7345,1,0,0,0,5,2260800,10907,1191866,7395,781102,34.54980538
4/26/2021,114,12061,11495,2,0,0,0,35,2260800,12175,1204041,11609,792711,35.06329618
4/27/2021,321,15380,15510,3,0,0,0,32,2260800,15701,1219742,15831,808542,35.76353503
4/28/2021,317,14739,21529,9,0,0,0,43,2260800,15056,1234798,21846,830388,36.72983015
4/29/2021,519,14014,14014,6,0,0,0,22,2260800,14533,1249331,14533,844921,37.3726557
4/30/2021,402,16127,19116,17,0,0,0,42,2260800,16529,1265860,19518,864439,38.23597841
5/1/2021,502,14321,17509,7,2,0,0,36,2260800,14823,1280683,18011,882450,39.03264331
5/2/2021,356,4730,4960,0,0,0,0,17,2260800,5086,1285769,5316,887766,39.26778132
5/3/2021,486,8140,11452,4,0,0,0,27,2260800,8626,1294395,11938,899704,39.79582449
5/4/2021,1086,8809,12997,7,1,0,0,25,2260800,9895,1304290,14083,913787,40.41874558
5/5/2021,959,8835,14664,9,2,0,0,40,2260800,9794,1314084,15623,929410,41.10978415
5/6/2021,1082,8300,17504,4,0,0,0,42,2260800,9382,1323466,18586,947996,41.93188252
5/7/2021,898,7389,19013,9,0,0,0,24,2260800,8287,1331753,19911,967907,42.81258846
5/8/2021,744,5775,23070,10,2,0,0,23,2260800,6519,1338272,23814,991721,43.86593241
5/9/2021,99,1511,7711,3,0,0,0,11,2260800,1610,1339882,7810,999531,44.21138535
5/10/2021,490,4706,12411,6,3,0,0,24,2260800,5196,1345078,12901,1012432,44.78202406
5/11/2021,725,5045,16712,8,1,0,0,29,2260800,5770,1350848,17437,1029869,45.55329972
5/12/2021,636,5347,16309,8,1,0,0,25,2260800,5983,1356831,16945,1046814,46.30281316
5/13/2021,630,9243,15903,11,0,0,0,23,2260800,9873,1366704,16533,1063347,47.03410297
5/14/2021,680,10741,19530,5,1,0,0,30,2260800,11421,1378125,20210,1083557,47.92803432
5/15/2021,920,11736,24794,21,1,0,0,25,2260800,12656,1390781,25714,1109271,49.06541932
5/16/2021,271,3884,9560,6,1,0,0,8,2260800,4155,1394936,9831,1119102,49.50026539
5/17/2021,638,8907,14050,7,1,0,0,29,2260800,9545,1404481,14688,1133790,50.14994692
5/18/2021,850,8715,15900,13,3,0,0,24,2260800,9565,1414046,16750,1150540,50.8908351
5/19/2021,864,9466,15902,11,2,0,0,24,2260800,10330,1424376,16766,1167306,51.632431
5/20/2021,704,7990,14999,10,1,0,0,24,2260800,8694,1433070,15703,1183009,52.32700814
5/21/2021,680,8890,16117,13,1,0,0,24,2260800,9570,1442640,16797,1199806,53.06997523
5/22/2021,708,8633,18216,16,3,0,0,19,2260800,9341,1451981,18924,1218730,53.90702406
5/23/2021,162,3412,2781,7,2,0,0,14,2260800,3574,1455555,2943,1221673,54.03719922
5/24/2021,445,5422,10171,10,2,0,0,37,2260800,5867,1461422,10616,1232289,54.50676752
5/25/2021,623,5334,10890,22,4,0,0,32,2260800,5957,1467379,11513,1243802,55.01601203
5/26/2021,426,4825,11399,9,2,0,0,29,2260800,5251,1472630,11825,1255627,55.53905697
5/27/2021,447,4153,10815,13,4,0,0,37,2260800,4600,1477230,11262,1266889,56.03719922
5/28/2021,610,4496,12382,18,1,0,0,30,2260800,5106,1482336,12992,1279881,56.61186306
5/29/2021,444,2566,5820,4,3,0,0,26,2260800,3010,1485346,6264,1286145,56.88893312
5/30/2021,136,1106,1549,3,1,0,0,17,2260800,1242,1486588,1685,1287830,56.96346426
5/31/2021,108,582,2152,39,1,0,0,18,2260800,690,1487278,2260,1290090,57.06342887
6/1/2021,451,3224,8312,17,3,0,0,27,2260800,3675,1490953,8763,1298853,57.45103503
6/2/2021,397,2767,6557,11,4,0,0,24,2260800,3164,1494117,6954,1305807,57.75862527
6/3/2021,456,2565,8501,8,2,0,0,32,2260800,3021,1497138,8957,1314764,58.15481246
6/4/2021,476,3286,11620,18,3,0,0,25,2260800,3762,1500900,12096,1326860,58.6898443
6/5/2021,358,2456,12163,15,3,0,0,23,2260800,2814,1503714,12521,1339381,59.24367481
6/6/2021,143,1022,3232,6,1,0,0,8,2260800,1165,1504879,3375,1342756,59.39295824
6/7/2021,376,2356,7828,13,2,0,0,28,2260800,2732,1507611,8204,1350960,59.75583864
6/8/2021,443,2234,8938,19,1,0,0,22,2260800,2677,1510288,9381,1360341,60.17078025
6/9/2021,388,2374,9452,18,4,0,0,24,2260800,2762,1513050,9840,1370181,60.60602442
6/10/2021,424,2339,8370,13,1,0,0,36,2260800,2763,1515813,8794,1378975,60.99500177
6/11/2021,425,2557,7843,14,4,0,0,29,2260800,2982,1518795,8268,1387243,61.36071302
6/12/2021,410,1817,8210,13,4,0,0,16,2260800,2227,1521022,8620,1395863,61.74199398
6/13/2021,112,544,3276,4,2,0,0,5,2260800,656,1521678,3388,1399251,61.89185244
6/14/2021,245,2028,6352,21,2,0,0,25,2260800,2273,1523951,6597,1405848,62.1836518
6/15/2021,450,2055,5851,15,3,0,0,19,2260800,2505,1526456,6301,1412149,62.46235846
6/16/2021,311,2076,5258,18,1,0,0,21,2260800,2387,1528843,5569,1417718,62.70868719
6/17/2021,372,1917,4049,16,3,0,0,21,2260800,2289,1531132,4421,1422139,62.90423744
6/18/2021,364,2456,4984,14,3,0,0,18,2260800,2820,1533952,5348,1427487,63.14079087
6/19/2021,285,1404,2741,3,2,0,0,10,2260800,1689,1535641,3026,1430513,63.2746373
6/20/2021,100,661,1246,4,1,0,0,10,2260800,761,1536402,1346,1431859,63.33417374
6/21/2021,237,1883,2115,17,6,0,0,21,2260800,2120,1538522,2352,1434211,63.43820771
6/22/2021,378,1670,2924,23,5,0,0,11,2260800,2048,1540570,3302,1437513,63.58426221
6/23/2021,255,1733,2899,32,4,0,0,13,2260800,1988,1542558,3154,1440667,63.72377035
6/24/2021,268,1657,2357,6,5,0,0,14,2260800,1925,1544483,2625,1443292,63.83987969
6/25/2021,315,2049,3709,15,1,0,0,23,2260800,2364,1546847,4024,1447316,64.01786978
6/26/2021,172,1124,2036,12,4,0,0,10,2260800,1296,1548143,2208,1449524,64.11553432
6/27/2021,47,544,1085,10,0,0,0,4,2260800,591,1548734,1132,1450656,64.1656051
6/28/2021,159,1072,1694,12,3,0,0,15,2260800,1231,1549965,1853,1452509,64.24756723
6/29/2021,238,1676,2196,25,2,0,0,23,2260800,1914,1551879,2434,1454943,64.35522824
6/30/2021,281,2195,2356,61,21,0,0,16,2260800,2476,1554355,2637,1457580,64.47186837
7/1/2021,190,1655,2366,39,3,0,0,13,2260800,1845,1556200,2556,1460136,64.58492569
7/2/2021,312,2098,2629,40,3,0,0,17,2260800,2410,1558610,2941,1463077,64.71501238
7/3/2021,178,1020,1401,35,5,0,0,15,2260800,1198,1559808,1579,1464656,64.78485492
7/4/2021,23,211,190,2,0,0,0,10,2260800,234,1560042,213,1464869,64.79427636
7/5/2021,111,1215,1308,22,11,0,0,13,2260800,1326,1561368,1419,1466288,64.85704176
7/6/2021,405,1468,2216,22,4,0,0,22,2260800,1873,1563241,2621,1468909,64.97297417
7/7/2021,236,1381,2101,13,6,0,0,13,2260800,1617,1564858,2337,1471246,65.07634466
7/8/2021,346,1332,2121,19,5,0,0,12,2260800,1678,1566536,2467,1473713,65.18546532
7/9/2021,580,1537,2517,26,5,0,0,17,2260800,2117,1568653,3097,1476810,65.32245223
7/10/2021,187,1102,1505,18,7,0,0,6,2260800,1289,1569942,1692,1478502,65.39729299
7/11/2021,56,548,748,8,1,0,0,4,2260800,604,1570546,804,1479306,65.43285563
7/12/2021,221,1373,1685,20,1,0,0,8,2260800,1594,1572140,1906,1481212,65.51716207
7/13/2021,202,1431,1613,19,3,0,0,13,2260800,1633,1573773,1815,1483027,65.59744338
7/14/2021,148,1171,1524,27,6,0,0,15,2260800,1319,1575092,1672,1484699,65.6713995
7/15/2021,210,1302,1669,21,2,0,0,14,2260800,1512,1576604,1879,1486578,65.75451168
7/16/2021,202,1528,2166,25,6,0,0,10,2260800,1730,1578334,2368,1488946,65.85925336
7/17/2021,142,883,1089,12,2,0,0,11,2260800,1025,1579359,1231,1490177,65.91370311
7/18/2021,49,543,501,5,4,0,0,5,2260800,592,1579951,550,1490727,65.93803079
7/19/2021,142,1382,1325,15,6,0,0,13,2260800,1524,1581475,1467,1492194,66.00291932
7/20/2021,259,1385,1353,29,12,0,0,11,2260800,1644,1583119,1612,1493806,66.07422151
7/21/2021,187,1363,2105,65,13,0,0,11,2260800,1550,1584669,2292,1496098,66.17560156
7/22/2021,249,1476,1639,55,10,0,0,13,2260800,1725,1586394,1888,1497986,66.25911182
7/23/2021,180,1651,1647,52,14,0,0,11,2260800,1831,1588225,1827,1499813,66.33992392
7/24/2021,115,1015,1020,39,4,0,0,7,2260800,1130,1589355,1135,1500948,66.39012739
7/25/2021,75,698,390,18,1,0,0,5,2260800,773,1590128,465,1501413,66.41069533
7/26/2021,170,1555,1301,39,7,0,0,11,2260800,1725,1591853,1471,1502884,66.47576079
7/27/2021,195,1621,1332,50,4,0,0,15,2260800,1816,1593669,1527,1504411,66.54330326
7/28/2021,160,1475,1343,54,4,0,0,14,2260800,1635,1595304,1503,1505914,66.60978415
7/29/2021,162,1671,1249,64,7,0,0,11,2260800,1833,1597137,1411,1507325,66.67219568
7/30/2021,177,1801,1565,79,13,0,0,17,2260800,1978,1599115,1742,1509067,66.74924805
7/31/2021,104,1118,1047,150,10,0,0,14,2260800,1222,1600337,1151,1510218,66.80015924
8/1/2021,71,705,554,48,1,0,0,12,2260800,776,1601113,625,1510843,66.82780432
8/2/2021,154,1702,1212,65,4,0,0,20,2260800,1856,1602969,1366,1512209,66.88822541
8/3/2021,237,1861,1372,54,18,0,0,16,2260800,2098,1605067,1609,1513818,66.9593949
8/4/2021,260,1807,1159,51,4,0,0,15,2260800,2067,1607134,1419,1515237,67.0221603
8/5/2021,160,1889,1242,62,5,0,0,16,2260800,2049,1609183,1402,1516639,67.08417374
8/6/2021,203,2180,1492,80,8,0,0,10,2260800,2383,1611566,1695,1518334,67.1591472
8/7/2021,107,1326,787,37,5,0,0,13,2260800,1433,1612999,894,1519228,67.19869073
8/8/2021,48,829,549,19,3,0,0,9,2260800,877,1613876,597,1519825,67.22509731
8/9/2021,176,1935,1397,75,7,0,0,19,2260800,2111,1615987,1573,1521398,67.29467445
8/10/2021,144,1821,1256,42,9,0,0,16,2260800,1965,1617952,1400,1522798,67.35659943
8/11/2021,203,1668,1202,51,15,0,0,13,2260800,1871,1619823,1405,1524203,67.41874558
8/12/2021,157,1714,1297,55,7,0,0,22,2260800,1871,1621694,1454,1525657,67.48305909
8/13/2021,156,1974,1521,152,19,0,0,11,2260800,2130,1623824,1677,1527334,67.55723638
8/14/2021,117,1329,847,334,23,0,0,11,2260800,1446,1625270,964,1528298,67.59987615
8/15/2021,33,805,603,263,7,0,0,4,2260800,838,1626108,636,1528934,67.62800778
8/16/2021,175,1891,1481,720,15,0,0,11,2260800,2066,1628174,1656,1530590,67.70125619
8/17/2021,142,1835,1350,787,13,0,0,7,2260800,1977,1630151,1492,1532082,67.76725053
8/18/2021,135,1747,1277,843,15,0,0,11,2260800,1882,1632033,1412,1533494,67.8297063
8/19/2021,142,1963,1395,801,12,0,0,11,2260800,2105,1634138,1537,1535031,67.89769108
8/20/2021,169,1983,1586,856,17,0,0,16,2260800,2152,1636290,1755,1536786,67.97531847
8/21/2021,84,1379,953,576,11,0,0,13,2260800,1463,1637753,1037,1537823,68.02118719
8/22/2021,38,769,634,223,10,0,0,1,2260800,807,1638560,672,1538495,68.05091118
8/23/2021,165,2059,1617,953,23,0,0,11,2260800,2224,1640784,1782,1540277,68.12973284
8/24/2021,156,1888,1620,689,21,0,0,14,2260800,2044,1642828,1776,1542053,68.2082891
8/25/2021,149,1814,1525,988,12,0,0,9,2260800,1963,1644791,1674,1543727,68.28233369
8/26/2021,141,1779,1608,772,12,0,0,11,2260800,1920,1646711,1749,1545476,68.35969568
8/27/2021,140,2018,1994,926,38,0,0,13,2260800,2158,1648869,2134,1547610,68.45408705
8/28/2021,63,1157,1106,583,12,0,0,13,2260800,1220,1650089,1169,1548779,68.50579441
8/29/2021,41,795,782,238,9,0,0,4,2260800,836,1650925,823,1549602,68.54219745
8/30/2021,167,1782,1665,873,32,0,0,12,2260800,1949,1652874,1832,1551434,68.62323071
8/31/2021,154,1677,1537,855,44,0,0,12,2260800,1831,1654705,1691,1553125,68.69802725
9/1/2021,206,1496,1305,832,9,0,0,16,2260800,1702,1656407,1511,1554636,68.764862
9/2/2021,173,1440,1362,825,18,0,0,6,2260800,1613,1658020,1535,1556171,68.83275832
9/3/2021,188,1956,1819,1014,29,0,0,9,2260800,2144,1660164,2007,1558178,68.9215322
9/4/2021,66,1201,1140,481,12,0,0,11,2260800,1267,1661431,1206,1559384,68.97487615
9/5/2021,52,822,761,261,12,0,0,8,2260800,874,1662305,813,1560197,69.01083687
9/6/2021,50,502,446,147,10,0,0,6,2260800,552,1662857,496,1560693,69.03277601
9/7/2021,180,1615,1892,758,28,0,0,5,2260800,1795,1664652,2072,1562765,69.12442498
9/8/2021,216,1587,1554,818,18,0,0,11,2260800,1803,1666455,1770,1564535,69.20271585
9/9/2021,232,1647,1645,817,22,0,0,12,2260800,1879,1668334,1877,1566412,69.28573956
9/10/2021,199,2001,2083,879,31,0,0,11,2260800,2200,1670534,2282,1568694,69.38667728
9/11/2021,107,1366,1280,407,12,0,0,14,2260800,1473,1672007,1387,1570081,69.44802725
9/12/2021,56,898,758,151,9,0,0,2,2260800,954,1672961,814,1570895,69.4840322
9/13/2021,144,2131,1829,982,24,0,0,6,2260800,2275,1675236,1973,1572868,69.57130219
9/14/2021,176,1358,1598,880,19,0,0,4,2260800,1534,1676770,1774,1574642,69.64976999
9/15/2021,184,1424,1566,620,17,0,0,8,2260800,1608,1678378,1750,1576392,69.72717622
9/16/2021,173,1261,1542,715,37,0,0,11,2260800,1434,1679812,1715,1578107,69.80303432
9/17/2021,216,1798,2205,970,28,0,0,2,2260800,2014,1681826,2421,1580528,69.91012031
9/18/2021,115,1290,1246,427,13,0,0,5,2260800,1405,1683231,1361,1581889,69.97032024
9/19/2021,39,803,755,214,13,0,0,3,2260800,842,1684073,794,1582683,70.00544055
9/20/2021,215,1493,1721,804,23,1,0,2,2260800,1708,1685781,1936,1584619,70.09107396
9/21/2021,197,1271,1488,708,14,0,0,9,2260800,1468,1687249,1685,1586304,70.1656051
9/22/2021,180,1193,1399,742,8,0,0,11,2260800,1373,1688622,1579,1587883,70.23544763
9/23/2021,149,1167,1249,981,17,0,0,13,2260800,1316,1689938,1398,1589281,70.29728415
9/24/2021,195,1469,1913,3212,23,0,0,7,2260800,1664,1691602,2108,1591389,70.39052548
9/25/2021,73,927,1227,3305,20,0,0,6,2260800,1000,1692602,1300,1592689,70.44802725
9/26/2021,108,578,721,1639,9,0,0,6,2260800,686,1693288,829,1593518,70.48469568
9/27/2021,172,1200,1029,5703,27,0,0,3,2260800,1372,1694660,1201,1594719,70.53781847
9/28/2021,163,1128,1458,6708,32,0,0,15,2260800,1291,1695951,1621,1596340,70.60951875
9/29/2021,227,1177,1505,6029,30,0,0,5,2260800,1404,1697355,1732,1598072,70.6861288
9/30/2021,159,1130,1518,6351,44,0,0,4,2260800,1289,1698644,1677,1599749,70.76030609
10/1/2021,205,1299,2005,6852,23,0,0,20,2260800,1504,1700148,2210,1601959,70.85805909
10/2/2021,123,788,1208,3325,21,0,0,7,2260800,911,1701059,1331,1603290,70.91693206
10/3/2021,33,525,872,1503,13,0,0,9,2260800,558,1701617,905,1604195,70.95696214
10/4/2021,263,1189,1877,4883,15,0,0,2,2260800,1452,1703069,2140,1606335,71.0516189
10/5/2021,158,1063,1323,5425,22,0,0,6,2260800,1221,1704290,1481,1607816,71.11712668
10/6/2021,117,1052,1404,4787,22,0,0,8,2260800,1169,1705459,1521,1609337,71.18440375
10/7/2021,120,1013,1204,5217,28,0,0,4,2260800,1133,1706592,1324,1610661,71.24296709
10/8/2021,168,1173,1638,5537,22,0,0,7,2260800,1341,1707933,1806,1612467,71.32285032
10/9/2021,64,669,1062,3363,12,0,0,0,2260800,733,1708666,1126,1613593,71.3726557
10/10/2021,35,398,666,1088,9,0,0,5,2260800,433,1709099,701,1614294,71.40366242
10/11/2021,162,1035,1305,4196,17,0,0,3,2260800,1197,1710296,1467,1615761,71.46855096
10/12/2021,122,956,1157,4148,24,0,0,4,2260800,1078,1711374,1279,1617040,71.52512385
10/13/2021,147,949,1137,4434,32,0,0,2,2260800,1096,1712470,1284,1618324,71.58191791
10/14/2021,148,962,1128,4730,29,0,0,8,2260800,1110,1713580,1276,1619600,71.6383581
10/15/2021,188,1125,1442,4859,24,0,0,7,2260800,1313,1714893,1630,1621230,71.71045648
10/16/2021,68,686,868,2358,15,0,0,3,2260800,754,1715647,936,1622166,71.75185775
10/17/2021,29,393,565,1110,8,0,0,4,2260800,422,1716069,594,1622760,71.77813163
10/18/2021,176,1014,1164,3884,28,0,0,3,2260800,1190,1717259,1340,1624100,71.83740269
10/19/2021,163,1030,954,4373,29,0,0,5,2260800,1193,1718452,1117,1625217,71.88680998
10/20/2021,146,1018,1009,3848,34,0,0,2,2260800,1164,1719616,1155,1626372,71.93789809
10/21/2021,114,932,977,4681,51,0,0,6,2260800,1046,1720662,1091,1627463,71.98615534
10/22/2021,164,1166,1248,6695,42,0,0,5,2260800,1330,1721992,1412,1628875,72.04861111
10/23/2021,80,776,702,6221,28,0,0,5,2260800,856,1722848,782,1629657,72.08320064
10/24/2021,16,516,440,3361,10,0,0,4,2260800,532,1723380,456,1630113,72.10337049
10/25/2021,149,1232,1078,8070,40,0,0,10,2260800,1381,1724761,1227,1631340,72.15764331
10/26/2021,149,1350,958,9013,48,0,0,13,2260800,1499,1726260,1107,1632447,72.20660828
10/27/2021,159,1435,1002,9207,50,0,0,7,2260800,1594,1727854,1161,1633608,72.25796178
10/28/2021,188,1297,915,9842,51,0,0,8,2260800,1485,1729339,1103,1634711,72.30674982
10/29/2021,180,1406,1151,11453,45,0,0,5,2260800,1586,1730925,1331,1636042,72.36562279
10/30/2021,99,997,713,8402,46,0,0,7,2260800,1096,1732021,812,1636854,72.40153928
10/31/2021,42,584,394,3487,36,0,0,4,2260800,626,1732647,436,1637290,72.42082449
11/1/2021,160,1235,983,8741,55,0,0,7,2260800,1395,1734042,1143,1638433,72.47138181
11/2/2021,172,1232,938,9621,80,0,0,9,2260800,1404,1735446,1110,1639543,72.52047948
11/3/2021,148,1443,930,9040,51,0,0,9,2260800,1591,1737037,1078,1640621,72.56816171
11/4/2021,138,2032,931,9844,46,0,0,7,2260800,2170,1739207,1069,1641690,72.61544586
11/5/2021,147,3564,1128,11241,51,0,0,10,2260800,3711,1742918,1275,1642965,72.67184183
11/6/2021,90,6314,695,7910,34,0,0,11,2260800,6404,1749322,785,1643750,72.70656405
11/7/2021,40,5445,407,3526,14,0,0,3,2260800,5485,1754807,447,1644197,72.72633581
11/8/2021,131,3440,800,8261,46,0,0,13,2260800,3571,1758378,931,1645128,72.76751592
11/9/2021,124,4568,914,9235,46,0,0,6,2260800,4692,1763070,1038,1646166,72.81342887
11/10/2021,159,5083,866,9134,45,0,0,9,2260800,5242,1768312,1025,1647191,72.85876681
11/11/2021,96,4562,780,8782,60,0,0,12,2260800,4658,1772970,876,1648067,72.89751415
11/12/2021,176,4726,1078,11455,50,0,0,8,2260800,4902,1777872,1254,1649321,72.95298125
11/13/2021,59,11392,699,7880,34,0,0,5,2260800,11451,1789323,758,1650079,72.9865092
11/14/2021,34,7566,429,3631,18,0,0,0,2260800,7600,1796923,463,1650542,73.00698868
11/15/2021,135,2955,934,7796,52,0,0,6,2260800,3090,1800013,1069,1651611,73.05427282
11/16/2021,121,3098,947,8882,49,0,0,11,2260800,3219,1803232,1068,1652679,73.10151274
11/17/2021,97,3214,980,9590,67,0,0,9,2260800,3311,1806543,1077,1653756,73.14915074
11/18/2021,113,2919,979,9573,69,0,0,7,2260800,3032,1809575,1092,1654848,73.19745223
11/19/2021,122,2560,1134,12234,84,0,0,6,2260800,2682,1812257,1256,1656104,73.25300778
11/20/2021,45,6824,762,10085,51,0,0,10,2260800,6869,1819126,807,1656911,73.28870311
11/21/2021,26,2300,469,6115,51,0,0,5,2260800,2326,1821452,495,1657406,73.31059802
11/22/2021,92,2079,990,11374,69,0,0,6,2260800,2171,1823623,1082,1658488,73.35845718
11/23/2021,90,2238,1087,11575,51,0,0,4,2260800,2328,1825951,1177,1659665,73.4105184
11/24/2021,96,2074,1078,10158,50,0,0,17,2260800,2170,1828121,1174,1660839,73.46244692
11/25/2021,6,104,75,329,10,0,0,2,2260800,110,1828231,81,1660920,73.46602972
11/26/2021,65,1453,1220,8401,42,0,0,8,2260800,1518,1829749,1285,1662205,73.52286801
11/27/2021,38,1285,3467,6613,44,0,0,7,2260800,1323,1831072,3505,1665710,73.67790163
11/28/2021,24,1063,2782,3740,24,0,0,3,2260800,1087,1832159,2806,1668516,73.80201699
11/29/2021,83,1418,3528,10396,67,0,0,11,2260800,1501,1833660,3611,1672127,73.96173921
11/30/2021,88,1777,4589,12530,143,0,0,8,2260800,1865,1835525,4677,1676804,74.16861288
12/1/2021,71,1957,4271,12351,78,0,0,14,2260800,2028,1837553,4342,1681146,74.36066879
12/2/2021,79,1665,3628,13352,74,0,0,5,2260800,1744,1839297,3707,1684853,74.5246373
12/3/2021,96,1891,5395,15347,71,0,0,9,2260800,1987,1841284,5491,1690344,74.76751592
12/4/2021,42,2678,12607,11838,69,0,0,13,2260800,2720,1844004,12649,1702993,75.32700814
12/5/2021,27,1400,7904,7612,37,0,0,1,2260800,1427,1845431,7931,1710924,75.67781316
12/6/2021,78,1607,2724,11853,72,0,0,5,2260800,1685,1847116,2802,1713726,75.80175159
12/7/2021,84,1888,2837,13287,70,0,0,6,2260800,1972,1849088,2921,1716647,75.93095364
12/8/2021,57,1852,3134,12308,73,0,0,9,2260800,1909,1850997,3191,1719838,76.07209837
12/9/2021,88,1658,2742,12663,80,0,0,3,2260800,1746,1852743,2830,1722668,76.1972753
12/10/2021,75,1849,2618,14254,86,0,0,8,2260800,1924,1854667,2693,1725361,76.31639243
12/11/2021,35,2002,7103,12940,80,0,0,9,2260800,2037,1856704,7138,1732499,76.63212137
12/12/2021,24,1867,2647,10408,50,0,0,8,2260800,1891,1858595,2671,1735170,76.75026539
12/13/2021,92,1547,1783,11068,71,0,0,1,2260800,1639,1860234,1875,1737045,76.83320064
12/14/2021,90,1942,1840,13658,104,0,0,7,2260800,2032,1862266,1930,1738975,76.91856865
12/15/2021,67,2098,1686,12447,74,0,0,4,2260800,2165,1864431,1753,1740728,76.99610757
12/16/2021,68,2242,1103,13918,84,0,0,1,2260800,2310,1866741,1171,1741899,77.0479034
12/17/2021,67,2119,1479,15967,96,0,0,7,2260800,2186,1868927,1546,1743445,77.11628627
12/18/2021,31,2255,1605,13789,94,0,0,7,2260800,2286,1871213,1636,1745081,77.18865004
12/19/2021,13,1555,1124,10905,80,0,0,3,2260800,1568,1872781,1137,1746218,77.23894197
12/20/2021,41,2301,1568,13694,92,0,0,6,2260800,2342,1875123,1609,1747827,77.31011146
12/21/2021,45,2388,1458,13905,132,0,0,4,2260800,2433,1877556,1503,1749330,77.37659236
12/22/2021,34,2259,1579,13382,123,0,0,4,2260800,2293,1879849,1613,1750943,77.44793878
12/23/2021,51,1780,1088,11392,91,0,0,5,2260800,1831,1881680,1139,1752082,77.49831918
12/24/2021,8,496,284,2665,40,0,0,1,2260800,504,1882184,292,1752374,77.51123496
12/25/2021,2,11,9,29,4,0,0,1,2260800,13,1882197,11,1752385,77.51172151
12/26/2021,6,271,222,1743,23,0,0,2,2260800,277,1882474,228,1752613,77.52180644
12/27/2021,26,1088,810,6031,53,0,0,2,2260800,1114,1883588,836,1753449,77.5587845
12/28/2021,26,1434,1670,7936,63,0,0,3,2260800,1460,1885048,1696,1755145,77.63380219
12/29/2021,36,1772,1721,9196,75,0,0,3,2260800,1808,1886856,1757,1756902,77.71151805
12/30/2021,23,1189,832,6949,91,0,0,3,2260800,1212,1888068,855,1757757,77.74933652
12/31/2021,7,628,411,2905,80,0,0,2,2260800,635,1888703,418,1758175,77.76782555
1/1/2022,8,166,146,1641,45,0,0,6,2260800,174,1888877,154,1758329,77.7746373
1/2/2022,15,1096,940,3302,35,0,0,2,2260800,1111,1889988,955,1759284,77.81687898
1/3/2022,49,1498,1270,7434,75,0,0,7,2260800,1547,1891535,1319,1760603,77.87522116
1/4/2022,37,1779,1495,9229,80,0,0,8,2260800,1816,1893351,1532,1762135,77.94298478
1/5/2022,33,1925,1536,9798,85,0,0,7,2260800,1958,1895309,1569,1763704,78.012385
1/6/2022,34,1896,1386,10186,110,0,0,9,2260800,1930,1897239,1420,1765124,78.07519462
1/7/2022,46,2122,1751,12550,102,0,0,4,2260800,2168,1899407,1797,1766921,78.15467976
1/8/2022,26,1745,1568,8088,61,0,0,3,2260800,1771,1901178,1594,1768515,78.22518577
1/9/2022,14,1189,857,5200,49,0,0,1,2260800,1203,1902381,871,1769386,78.26371196
1/10/2022,36,1707,1265,8547,92,0,0,8,2260800,1743,1904124,1301,1770687,78.32125796
1/11/2022,30,1828,1220,9786,91,0,0,2,2260800,1858,1905982,1250,1771937,78.37654812
1/12/2022,39,1590,1304,8270,79,0,0,3,2260800,1629,1907611,1343,1773280,78.43595188
1/13/2022,42,1607,963,8697,86,0,0,8,2260800,1649,1909260,1005,1774285,78.48040517
1/14/2022,24,1744,981,10486,107,0,0,2,2260800,1768,1911028,1005,1775290,78.52485846
1/15/2022,21,1589,790,7395,74,0,0,2,2260800,1610,1912638,811,1776101,78.56073071
1/16/2022,15,1130,429,4490,45,0,0,0,2260800,1145,1913783,444,1776545,78.58036978
1/17/2022,38,1081,568,5851,95,0,0,3,2260800,1119,1914902,606,1777151,78.60717445
1/18/2022,41,1396,931,7449,111,0,0,5,2260800,1437,1916339,972,1778123,78.65016808
1/19/2022,48,1351,994,6666,116,0,0,3,2260800,1399,1917738,1042,1779165,78.69625796
1/20/2022,38,1311,698,6583,143,0,0,4,2260800,1349,1919087,736,1779901,78.72881281
1/21/2022,26,1389,870,7940,147,0,0,3,2260800,1415,1920502,896,1780797,78.7684448
1/22/2022,15,1174,676,6687,84,0,0,6,2260800,1189,1921691,691,1781488,78.7990092
1/23/2022,10,750,460,3518,50,0,0,1,2260800,760,1922451,470,1781958,78.8197983
1/24/2022,30,1161,763,5435,133,0,0,4,2260800,1191,1923642,793,1782751,78.85487438
1/25/2022,22,1250,861,5649,151,0,0,3,2260800,1272,1924914,883,1783634,78.89393135
1/26/2022,21,1198,1128,5258,130,0,0,5,2260800,1219,1926133,1149,1784783,78.94475407
1/27/2022,25,999,869,5051,155,0,0,4,2260800,1024,1927157,894,1785677,78.98429759
1/28/2022,28,1378,1241,6022,174,0,0,5,2260800,1406,1928563,1269,1786946,79.04042817
1/29/2022,18,813,1093,3565,85,0,0,1,2260800,831,1929394,1111,1788057,79.08957006
1/30/2022,8,515,558,2759,43,0,0,0,2260800,523,1929917,566,1788623,79.11460545
1/31/2022,22,875,808,3806,131,0,0,2,2260800,897,1930814,830,1789453,79.15131812
2/1/2022,24,821,851,3762,164,0,0,2,2260800,845,1931659,875,1790328,79.19002123
2/2/2022,25,801,946,3451,119,0,0,1,2260800,826,1932485,971,1791299,79.23297063
2/3/2022,38,770,876,3480,133,0,0,2,2260800,808,1933293,914,1792213,79.2733988
2/4/2022,27,939,956,4565,199,0,0,2,2260800,966,1934259,983,1793196,79.31687898
2/5/2022,28,692,1007,2667,93,0,0,5,2260800,720,1934979,1035,1794231,79.36265924
2/6/2022,6,390,705,1352,43,0,0,0,2260800,396,1935375,711,1794942,79.39410828
2/7/2022,28,731,701,2761,143,0,0,3,2260800,759,1936134,729,1795671,79.4263535
2/8/2022,23,693,753,2696,165,0,0,3,2260800,716,1936850,776,1796447,79.46067764
2/9/2022,20,792,962,2674,164,0,0,3,2260800,812,1937662,982,1797429,79.50411359
2/10/2022,33,703,704,2482,152,0,0,9,2260800,736,1938398,737,1798166,79.53671267
2/11/2022,34,879,898,3337,199,0,0,3,2260800,913,1939311,932,1799098,79.57793701
2/12/2022,17,565,828,2130,108,0,0,4,2260800,582,1939893,845,1799943,79.61531316
2/13/2022,9,265,279,846,41,0,0,1,2260800,274,1940167,288,1800231,79.62805202
2/14/2022,23,544,593,1816,167,0,0,2,2260800,567,1940734,616,1800847,79.65529901
2/15/2022,23,596,610,2030,164,0,0,2,2260800,619,1941353,633,1801480,79.68329795
2/16/2022,24,561,712,2135,184,0,0,6,2260800,585,1941938,736,1802216,79.7158528
2/17/2022,17,492,597,2068,170,0,0,2,2260800,509,1942447,614,1802830,79.74301132
2/18/2022,25,794,835,2870,244,0,0,5,2260800,819,1943266,860,1803690,79.78105096
2/19/2022,5,471,562,1681,84,0,0,2,2260800,476,1943742,567,1804257,79.80613057
2/20/2022,8,323,343,1017,59,0,0,6,2260800,331,1944073,351,1804608,79.82165605
2/21/2022,16,441,446,1612,119,0,0,3,2260800,457,1944530,462,1805070,79.8420913
2/22/2022,19,560,645,1788,154,0,0,0,2260800,579,1945109,664,1805734,79.87146143
2/23/2022,22,483,546,1653,175,0,0,3,2260800,505,1945614,568,1806302,79.89658528
2/24/2022,37,431,637,1697,160,0,0,0,2260800,468,1946082,674,1806976,79.92639774
2/25/2022,18,582,687,2118,189,0,0,1,2260800,600,1946682,705,1807681,79.95758139
2/26/2022,10,401,480,1208,86,0,0,2,2260800,411,1947093,490,1808171,79.97925513
2/27/2022,7,175,224,504,39,0,0,1,2260800,182,1947275,231,1808402,79.98947275
2/28/2022,20,364,481,1321,222,0,0,1,2260800,384,1947659,501,1808903,80.01163305
3/1/2022,20,354,447,1220,156,0,0,3,2260800,374,1948033,467,1809370,80.03228946
3/2/2022,16,429,536,1369,157,0,0,0,2260800,445,1948478,552,1809922,80.05670559
3/3/2022,23,367,464,1249,179,0,0,1,2260800,390,1948868,487,1810409,80.07824664
3/4/2022,32,483,534,1536,190,0,0,4,2260800,515,1949383,566,1810975,80.10328202
3/5/2022,7,331,382,960,68,0,0,4,2260800,338,1949721,389,1811364,80.12048832
3/6/2022,2,170,148,436,30,0,0,0,2260800,172,1949893,150,1811514,80.12712314
3/7/2022,22,360,322,976,116,0,0,3,2260800,382,1950275,344,1811858,80.142339
3/8/2022,23,284,304,898,136,0,0,0,2260800,307,1950582,327,1812185,80.1568029
3/9/2022,11,330,351,941,124,0,0,1,2260800,341,1950923,362,1812547,80.17281493
3/10/2022,26,292,296,851,144,0,0,3,2260800,318,1951241,322,1812869,80.18705768
3/11/2022,10,387,443,1183,148,0,0,3,2260800,397,1951638,453,1813322,80.20709483
3/12/2022,11,276,325,885,75,0,0,1,2260800,287,1951925,336,1813658,80.22195683
3/13/2022,7,171,154,439,31,0,0,1,2260800,178,1952103,161,1813819,80.2290782
3/14/2022,23,289,241,874,118,0,0,3,2260800,312,1952415,264,1814083,80.24075548
3/15/2022,16,255,291,885,175,0,0,8,2260800,271,1952686,307,1814390,80.25433475
3/16/2022,15,322,340,871,210,0,0,3,2260800,337,1953023,355,1814745,80.27003715
3/17/2022,16,243,250,776,195,0,0,2,2260800,259,1953282,266,1815011,80.2818029
3/18/2022,15,402,394,1188,264,0,0,2,2260800,417,1953699,409,1815420,80.29989384
3/19/2022,12,223,267,687,156,0,0,2,2260800,235,1953934,279,1815699,80.31223461
3/20/2022,7,117,138,381,60,0,0,0,2260800,124,1954058,145,1815844,80.31864827
3/21/2022,9,250,236,867,218,0,0,0,2260800,259,1954317,245,1816089,80.32948514
3/22/2022,5,274,233,799,174,0,0,0,2260800,279,1954596,238,1816327,80.34001238
3/23/2022,18,276,261,795,238,0,0,1,2260800,294,1954890,279,1816606,80.35235315
3/24/2022,9,241,227,622,243,0,0,2,2260800,250,1955140,236,1816842,80.36279193
3/25/2022,16,309,334,974,202,0,0,3,2260800,325,1955465,350,1817192,80.37827318
3/26/2022,16,236,229,540,111,0,0,1,2260800,252,1955717,245,1817437,80.38911005
3/27/2022,14,119,120,291,80,0,0,2,2260800,133,1955850,134,1817571,80.39503715
3/28/2022,15,235,229,707,212,0,0,3,2260800,250,1956100,244,1817815,80.40582979
3/29/2022,19,228,174,726,643,0,0,0,2260800,247,1956347,193,1818008,80.4143666
3/30/2022,12,286,304,815,2782,0,0,2,2260800,298,1956645,316,1818324,80.42834395
3/31/2022,11,257,297,752,3832,0,0,2,2260800,268,1956913,308,1818632,80.44196745
4/1/2022,10,335,317,953,4582,0,0,1,2260800,345,1957258,327,1818959,80.45643135
4/2/2022,3,173,220,521,2535,0,0,0,2260800,176,1957434,223,1819182,80.46629512
4/3/2022,7,92,109,260,1767,0,0,1,2260800,99,1957533,116,1819298,80.47142604
4/4/2022,5,269,233,685,3979,0,0,0,2260800,274,1957807,238,1819536,80.48195329
4/5/2022,2,223,219,630,4115,0,0,2,2260800,225,1958032,221,1819757,80.49172859
4/6/2022,8,289,289,691,4638,0,0,0,2260800,297,1958329,297,1820054,80.50486553
4/7/2022,12,249,230,664,4387,0,0,0,2260800,261,1958590,242,1820296,80.51556971
4/8/2022,4,326,391,844,5217,0,0,0,2260800,330,1958920,395,1820691,80.5330414
4/9/2022,10,224,193,477,3038,0,0,0,2260800,234,1959154,203,1820894,80.54202052
4/10/2022,6,116,91,266,1980,0,0,0,2260800,122,1959276,97,1820991,80.54631104
4/11/2022,9,215,236,600,4399,0,0,1,2260800,224,1959500,245,1821236,80.55714791
4/12/2022,7,252,221,632,4613,0,0,1,2260800,259,1959759,228,1821464,80.56723284
4/13/2022,7,292,274,684,4717,0,0,2,2260800,299,1960058,281,1821745,80.57966207
4/14/2022,9,229,217,689,4416,0,0,3,2260800,238,1960296,226,1821971,80.58965853
4/15/2022,13,332,282,783,4662,0,0,2,2260800,345,1960641,295,1822266,80.60270701
4/16/2022,6,175,151,404,2169,0,0,0,2260800,181,1960822,157,1822423,80.60965145
4/17/2022,3,70,52,153,732,0,0,1,2260800,73,1960895,55,1822478,80.61208422
4/18/2022,6,318,245,606,4034,0,0,0,2260800,324,1961219,251,1822729,80.62318648
4/19/2022,9,402,242,635,4043,0,0,0,2260800,411,1961630,251,1822980,80.63428875
4/20/2022,13,268,275,636,4362,0,0,1,2260800,281,1961911,288,1823268,80.6470276
4/21/2022,17,216,227,583,3658,0,0,2,2260800,233,1962144,244,1823512,80.65782024
4/22/2022,18,298,293,668,4169,0,0,4,2260800,316,1962460,311,1823823,80.67157643
4/23/2022,6,196,136,367,1654,0,0,1,2260800,202,1962662,142,1823965,80.6778574
4/24/2022,11,91,60,221,821,0,0,0,2260800,102,1962764,71,1824036,80.68099788
4/25/2022,9,208,177,467,3161,0,0,1,2260800,217,1962981,186,1824222,80.68922505
4/26/2022,7,237,179,529,3295,0,0,0,2260800,244,1963225,186,1824408,80.69745223
4/27/2022,11,307,245,563,3589,0,0,0,2260800,318,1963543,256,1824664,80.70877565
4/28/2022,9,268,215,586,3588,0,0,0,2260800,277,1963820,224,1824888,80.71868365
4/29/2022,12,268,239,735,4116,0,0,2,2260800,280,1964100,251,1825139,80.72978592
4/30/2022,3,199,162,395,1774,0,0,0,2260800,202,1964302,165,1825304,80.73708422
5/1/2022,2,127,85,267,943,0,0,1,2260800,129,1964431,87,1825391,80.74093241
5/2/2022,9,262,159,471,3125,0,0,0,2260800,271,1964702,168,1825559,80.74836341
5/3/2022,10,261,193,577,3230,0,0,2,2260800,271,1964973,203,1825762,80.75734253
5/4/2022,6,252,249,509,3379,0,0,1,2260800,258,1965231,255,1826017,80.76862173
5/5/2022,10,206,163,576,3225,0,0,0,2260800,216,1965447,173,1826190,80.77627389
5/6/2022,22,345,244,691,4596,0,0,3,2260800,367,1965814,266,1826456,80.78803963
5/7/2022,5,188,139,366,1888,0,0,0,2260800,193,1966007,144,1826600,80.79440906
5/8/2022,0,103,53,168,755,0,0,0,2260800,103,1966110,53,1826653,80.79675336
5/9/2022,10,215,179,509,3233,0,0,1,2260800,225,1966335,189,1826842,80.80511323
5/10/2022,5,265,239,546,3021,0,0,1,2260800,270,1966605,244,1827086,80.81590587
5/11/2022,11,263,260,548,3192,0,0,1,2260800,274,1966879,271,1827357,80.82789278
5/12/2022,5,188,188,481,2940,0,0,3,2260800,193,1967072,193,1827550,80.83642958
5/13/2022,4,316,231,701,3919,0,0,1,2260800,320,1967392,235,1827785,80.84682413
5/14/2022,4,260,158,382,1832,0,0,0,2260800,264,1967656,162,1827947,80.85398974
5/15/2022,2,128,66,234,1030,0,0,1,2260800,130,1967786,68,1828015,80.85699752
5/16/2022,4,252,193,577,3179,0,0,0,2260800,256,1968042,197,1828212,80.86571125
5/17/2022,4,247,173,601,2847,0,0,0,2260800,251,1968293,177,1828389,80.87354034
5/18/2022,7,267,230,657,3273,0,0,0,2260800,274,1968567,237,1828626,80.88402335
5/19/2022,5,205,196,548,2586,0,0,1,2260800,210,1968777,201,1828827,80.89291401
5/20/2022,10,264,295,1028,3600,0,0,2,2260800,274,1969051,305,1829132,80.90640481
5/21/2022,6,176,127,727,1537,0,0,1,2260800,182,1969233,133,1829265,80.91228769
5/22/2022,2,73,65,432,871,0,0,0,2260800,75,1969308,67,1829332,80.91525124
5/23/2022,9,297,226,964,3225,0,0,2,2260800,306,1969614,235,1829567,80.92564579
5/24/2022,4,268,199,996,2812,0,0,2,2260800,272,1969886,203,1829770,80.93462491
5/25/2022,5,254,221,1360,2918,0,0,2,2260800,259,1970145,226,1829996,80.94462137
5/26/2022,3,246,265,1453,2935,0,0,1,2260800,249,1970394,268,1830264,80.95647558
5/27/2022,6,350,290,1827,3436,0,0,4,2260800,356,1970750,296,1830560,80.96956829
5/28/2022,4,164,119,1048,1431,0,0,1,2260800,168,1970918,123,1830683,80.97500885
5/29/2022,3,106,74,556,753,0,0,1,2260800,109,1971027,77,1830760,80.97841472
5/30/2022,2,22,14,97,262,0,0,0,2260800,24,1971051,16,1830776,80.97912243
5/31/2022,6,251,185,1034,2095,0,0,1,2260800,257,1971308,191,1830967,80.98757077
6/1/2022,6,278,224,1500,2532,0,0,2,2260800,284,1971592,230,1831197,80.99774416
6/2/2022,12,250,173,1066,2150,0,0,0,2260800,262,1971854,185,1831382,81.00592711
6/3/2022,5,371,227,1403,2950,0,0,1,2260800,376,1972230,232,1831614,81.01618896
6/4/2022,4,193,158,1875,1301,0,0,0,2260800,197,1972427,162,1831776,81.02335456
6/5/2022,2,177,114,4027,784,0,0,0,2260800,179,1972606,116,1831892,81.02848549
6/6/2022,11,288,207,902,2269,0,0,0,2260800,299,1972905,218,1832110,81.0381281
6/7/2022,1,208,156,712,1516,0,0,1,2260800,209,1973114,157,1832267,81.04507254
6/8/2022,2,240,197,1103,2123,0,0,0,2260800,242,1973356,199,1832466,81.05387473
6/9/2022,3,239,147,973,1798,0,0,3,2260800,242,1973598,150,1832616,81.06050955
6/10/2022,10,306,217,1257,2300,0,0,2,2260800,316,1973914,227,1832843,81.07055025
6/11/2022,2,201,136,1744,1220,0,0,1,2260800,203,1974117,138,1832981,81.07665428
6/12/2022,3,86,44,294,485,0,0,1,2260800,89,1974206,47,1833028,81.07873319
6/13/2022,4,238,182,741,1811,0,0,0,2260800,242,1974448,186,1833214,81.08696037
6/14/2022,3,229,175,782,1584,0,0,2,2260800,232,1974680,178,1833392,81.09483369
6/15/2022,4,239,173,1094,1666,0,0,0,2260800,243,1974923,177,1833569,81.10266277
6/16/2022,8,274,161,660,1344,0,0,3,2260800,282,1975205,169,1833738,81.110138
6/17/2022,8,249,196,903,1892,0,0,1,2260800,257,1975462,204,1833942,81.11916136
6/18/2022,4,173,132,844,788,0,0,1,2260800,177,1975639,136,1834078,81.12517693
6/19/2022,0,96,70,239,332,0,0,0,2260800,96,1975735,70,1834148,81.12827318
6/20/2022,6,216,113,767,1404,0,0,1,2260800,222,1975957,119,1834267,81.1335368
6/21/2022,5,393,154,875,1405,0,0,3,2260800,398,1976355,159,1834426,81.14056971
6/22/2022,3,857,174,878,1589,0,0,0,2260800,860,1977215,177,1834603,81.1483988
6/23/2022,6,1161,165,752,1134,0,0,2,2260800,1167,1978382,171,1834774,81.15596249
6/24/2022,1,1474,195,855,1464,0,0,4,2260800,1475,1979857,196,1834970,81.16463199
6/25/2022,0,1662,104,447,538,0,0,0,2260800,1662,1981519,104,1835074,81.16923213
6/26/2022,0,243,56,160,284,0,0,0,2260800,243,1981762,56,1835130,81.17170913
6/27/2022,5,1018,146,545,1131,0,0,2,2260800,1023,1982785,151,1835281,81.17838818
6/28/2022,7,1096,134,702,988,0,0,1,2260800,1103,1983888,141,1835422,81.18462491
6/29/2022,4,1021,182,727,1180,0,0,5,2260800,1025,1984913,186,1835608,81.19285209
6/30/2022,8,1088,168,634,1138,0,0,2,2260800,1096,1986009,176,1835784,81.20063694
7/1/2022,1,984,159,762,1243,0,0,4,2260800,985,1986994,160,1835944,81.20771408
7/2/2022,2,497,77,385,529,0,0,1,2260800,499,1987493,79,1836023,81.21120842
7/3/2022,3,177,60,164,330,0,0,0,2260800,180,1987673,63,1836086,81.21399505
7/4/2022,0,22,11,19,42,0,0,0,2260800,22,1987695,11,1836097,81.2144816
7/5/2022,8,810,154,584,1032,0,0,1,2260800,818,1988513,162,1836259,81.2216472
7/6/2022,8,850,162,651,1127,0,0,0,2260800,858,1989371,170,1836429,81.22916667
7/7/2022,8,853,137,601,991,0,0,0,2260800,861,1990232,145,1836574,81.23558033
7/8/2022,4,955,183,658,1317,0,0,1,2260800,959,1991191,187,1836761,81.24385173
7/9/2022,2,813,88,405,592,0,0,1,2260800,815,1992006,90,1836851,81.24783263
7/10/2022,1,2581,53,318,376,0,0,1,2260800,2582,1994588,54,1836905,81.25022116
7/11/2022,3,701,152,593,1139,0,0,0,2260800,704,1995292,155,1837060,81.25707714
7/12/2022,0,552,137,586,1189,0,0,0,2260800,552,1995844,137,1837197,81.26313694
7/13/2022,6,690,211,624,1324,0,0,0,2260800,696,1996540,217,1837414,81.27273531
7/14/2022,6,635,287,649,1488,0,0,2,2260800,641,1997181,293,1837707,81.28569533
7/15/2022,5,763,448,660,1740,0,0,0,2260800,768,1997949,453,1838160,81.30573248
7/16/2022,5,658,305,440,938,0,0,2,2260800,663,1998612,310,1838470,81.31944444
7/17/2022,3,167,130,261,568,0,0,1,2260800,170,1998782,133,1838603,81.32532732
7/18/2022,10,747,376,629,1577,0,0,5,2260800,757,1999539,386,1838989,81.34240092
7/19/2022,3,623,387,642,1410,0,0,2,2260800,626,2000165,390,1839379,81.35965145
7/20/2022,7,602,618,640,1448,0,0,0,2260800,609,2000774,625,1840004,81.38729653
7/21/2022,0,617,721,577,1239,0,0,1,2260800,617,2001391,721,1840725,81.4191879
7/22/2022,4,576,890,557,1288,0,0,3,2260800,580,2001971,894,1841619,81.45873142
7/23/2022,5,375,1001,362,721,0,0,1,2260800,380,2002351,1006,1842625,81.50322895
7/24/2022,3,121,160,180,384,0,0,0,2260800,124,2002475,163,1842788,81.51043878
7/25/2022,7,565,604,555,1205,0,0,0,2260800,572,2003047,611,1843399,81.53746461
7/26/2022,3,512,725,508,954,0,0,1,2260800,515,2003562,728,1844127,81.56966561
7/27/2022,1,523,703,543,1044,0,0,1,2260800,524,2004086,704,1844831,81.60080502
7/28/2022,5,462,696,477,939,0,0,3,2260800,467,2004553,701,1845532,81.63181175
7/29/2022,10,569,739,513,1053,0,0,8,2260800,579,2005132,749,1846281,81.66494161
7/30/2022,1,346,443,294,447,0,0,1,2260800,347,2005479,444,1846725,81.68458068
7/31/2022,2,96,119,139,210,0,0,0,2260800,98,2005577,121,1846846,81.68993277
8/1/2022,4,472,525,462,722,0,0,4,2260800,476,2006053,529,1847375,81.71333156
8/2/2022,6,433,467,445,683,0,0,7,2260800,439,2006492,473,1847848,81.73425336
8/3/2022,5,592,533,562,702,0,0,4,2260800,597,2007089,538,1848386,81.75805025
8/4/2022,8,517,577,511,792,0,0,7,2260800,525,2007614,585,1848971,81.78392604
8/5/2022,6,569,658,534,904,0,0,16,2260800,575,2008189,664,1849635,81.81329618
8/6/2022,5,291,544,281,371,0,0,2,2260800,296,2008485,549,1850184,81.83757962
8/7/2022,2,246,2172,170,188,0,0,1,2260800,248,2008733,2174,1852358,81.93374027
8/8/2022,7,462,507,477,764,0,0,4,2260800,469,2009202,514,1852872,81.95647558
8/9/2022,5,401,467,473,675,0,0,6,2260800,406,2009608,472,1853344,81.97735315
8/10/2022,3,553,499,574,763,0,0,7,2260800,556,2010164,502,1853846,81.99955768
8/11/2022,10,504,453,500,728,0,0,8,2260800,514,2010678,463,1854309,82.02003715
8/12/2022,5,444,554,505,761,0,0,2,2260800,449,2011127,559,1854868,82.04476292
8/13/2022,2,231,401,267,335,0,0,6,2260800,233,2011360,403,1855271,82.06258846
8/14/2022,2,97,105,130,161,0,0,1,2260800,99,2011459,107,1855378,82.0673213
8/15/2022,1,461,473,515,624,0,0,3,2260800,462,2011921,474,1855852,82.08828733
8/16/2022,4,430,448,505,587,0,0,1,2260800,434,2012355,452,1856304,82.10828025
8/17/2022,6,543,501,580,642,0,0,5,2260800,549,2012904,507,1856811,82.13070594
8/18/2022,3,434,460,441,499,0,0,13,2260800,437,2013341,463,1857274,82.15118542
8/19/2022,4,403,489,536,590,0,0,12,2260800,407,2013748,493,1857767,82.17299186
8/20/2022,4,232,284,237,255,0,0,6,2260800,236,2013984,288,1858055,82.18573071
8/21/2022,1,108,97,183,117,0,0,2,2260800,109,2014093,98,1858153,82.19006546
8/22/2022,3,456,517,555,474,0,0,5,2260800,459,2014552,520,1858673,82.21306617
8/23/2022,6,471,361,522,481,0,0,5,2260800,477,2015029,367,1859040,82.22929936
8/24/2022,4,512,531,597,404,0,0,3,2260800,516,2015545,535,1859575,82.25296355
8/25/2022,4,418,403,437,394,0,0,4,2260800,422,2015967,407,1859982,82.27096603
8/26/2022,4,447,464,500,501,0,0,15,2260800,451,2016418,468,1860450,82.29166667
8/27/2022,2,282,246,291,197,0,0,3,2260800,284,2016702,248,1860698,82.30263623
8/28/2022,6,102,65,161,86,0,0,2,2260800,108,2016810,71,1860769,82.30577672
8/29/2022,7,396,402,499,389,0,0,4,2260800,403,2017213,409,1861178,82.32386766
8/30/2022,5,406,391,445,335,0,0,6,2260800,411,2017624,396,1861574,82.34138358
8/31/2022,6,470,585,466,341,45,0,6,2260800,476,2018100,591,1862165,82.36752477
9/1/2022,5,318,398,187,80,58,0,4,2260800,323,2018423,403,1862568,82.38535032
9/2/2022,4,361,425,241,39,48,0,7,2260800,365,2018788,429,1862997,82.4043259
9/3/2022,3,152,202,90,33,251,0,6,2260800,155,2018943,205,1863202,82.41339349
9/4/2022,2,34,42,38,5,80,0,0,2260800,36,2018979,44,1863246,82.4153397
9/5/2022,3,17,26,16,5,69,0,0,2260800,20,2018999,29,1863275,82.41662243
9/6/2022,9,260,394,137,23,1050,0,15,2260800,269,2019268,403,1863678,82.43444798
9/7/2022,2,335,289,86,20,2785,0,24,2260800,337,2019605,291,1863969,82.44731953
9/8/2022,7,339,321,93,16,3593,0,51,2260800,346,2019951,328,1864297,82.46182767
9/9/2022,0,298,395,117,31,5700,0,151,2260800,298,2020249,395,1864692,82.47929936
9/10/2022,1,113,227,60,19,3784,0,89,2260800,114,2020363,228,1864920,82.48938429
9/11/2022,1,50,87,11,16,2148,0,46,2260800,51,2020414,88,1865008,82.49327672
9/12/2022,4,258,285,61,38,5751,0,99,2260800,262,2020676,289,1865297,82.5060598
9/13/2022,2,197,261,93,18,6220,0,82,2260800,199,2020875,263,1865560,82.51769285
9/14/2022,5,273,349,106,18,6819,0,140,2260800,278,2021153,354,1865914,82.53335103
9/15/2022,2,238,318,70,21,6783,0,111,2260800,240,2021393,320,1866234,82.54750531
9/16/2022,5,240,364,102,30,8560,0,167,2260800,245,2021638,369,1866603,82.56382696
9/17/2022,2,100,197,96,27,6973,0,98,2260800,102,2021740,199,1866802,82.57262916
9/18/2022,1,32,82,71,71,3863,0,42,2260800,33,2021773,83,1866885,82.57630042
9/19/2022,2,225,250,80,17,8584,0,89,2260800,227,2022000,252,1867137,82.58744692
9/20/2022,5,211,242,90,25,7945,0,106,2260800,216,2022216,247,1867384,82.59837226
9/21/2022,5,296,401,141,23,9001,0,201,2260800,301,2022517,406,1867790,82.6163305
9/22/2022,2,264,294,113,26,8948,0,119,2260800,266,2022783,296,1868086,82.62942321
9/23/2022,5,238,373,91,19,10566,0,204,2260800,243,2023026,378,1868464,82.64614296
9/24/2022,0,80,164,109,15,5445,0,124,2260800,80,2023106,164,1868628,82.65339703
9/25/2022,2,67,41,54,17,3515,0,24,2260800,69,2023175,43,1868671,82.65529901
9/26/2022,3,181,196,83,11,9026,0,133,2260800,184,2023359,199,1868870,82.6641012
9/27/2022,2,244,231,85,15,8733,0,98,2260800,246,2023605,233,1869103,82.67440729
9/28/2022,0,245,412,102,15,9532,0,150,2260800,245,2023850,412,1869515,82.69263093
9/29/2022,2,259,238,55,23,9073,0,93,2260800,261,2024111,240,1869755,82.70324664
9/30/2022,1,246,308,71,16,11670,0,217,2260800,247,2024358,309,1870064,82.71691437
10/1/2022,0,99,135,44,21,6741,0,82,2260800,99,2024457,135,1870199,82.7228857
10/2/2022,2,41,50,18,4,3702,0,32,2260800,43,2024500,52,1870251,82.72518577
10/3/2022,1,201,187,64,12,9600,0,144,2260800,202,2024702,188,1870439,82.73350142
10/4/2022,0,186,192,61,31,9229,0,96,2260800,186,2024888,192,1870631,82.74199398
10/5/2022,2,172,193,77,23,10086,0,138,2260800,174,2025062,195,1870826,82.75061925
10/6/2022,2,239,263,51,16,9767,0,115,2260800,241,2025303,265,1871091,82.76234076
10/7/2022,2,226,241,84,26,11905,0,166,2260800,228,2025531,243,1871334,82.77308917
10/8/2022,1,63,137,64,19,6505,0,79,2260800,64,2025595,138,1871472,82.77919321
10/9/2022,0,34,64,29,11,3621,0,18,2260800,34,2025629,64,1871536,82.78202406
10/10/2022,1,166,166,41,22,9886,0,88,2260800,167,2025796,167,1871703,82.78941083
10/11/2022,0,186,171,54,27,9703,0,114,2260800,186,2025982,171,1871874,82.79697452
10/12/2022,2,174,150,31,27,10834,0,89,2260800,176,2026158,152,1872026,82.80369781
10/13/2022,1,186,220,35,38,10383,0,114,2260800,187,2026345,221,1872247,82.81347311
10/14/2022,2,202,242,26,24,12898,0,156,2260800,204,2026549,244,1872491,82.82426575
10/15/2022,1,68,81,23,11,6268,0,73,2260800,69,2026618,82,1872573,82.82789278
10/16/2022,2,26,60,9,2,3109,0,20,2260800,28,2026646,62,1872635,82.83063517
10/17/2022,1,165,190,9,15,10198,0,113,2260800,166,2026812,191,1872826,82.83908351
10/18/2022,3,203,165,20,14,10254,0,70,2260800,206,2027018,168,1872994,82.84651451
10/19/2022,2,206,281,14,25,10923,0,118,2260800,208,2027226,283,1873277,82.8590322
10/20/2022,2,173,189,23,29,10209,0,120,2260800,175,2027401,191,1873468,82.86748054
10/21/2022,1,220,232,19,31,11878,0,164,2260800,221,2027622,233,1873701,82.87778662
10/22/2022,1,74,119,12,24,6314,0,86,2260800,75,2027697,120,1873821,82.88309448
10/23/2022,1,39,64,9,7,4061,0,22,2260800,40,2027737,65,1873886,82.88596957
10/24/2022,2,191,154,27,19,9705,0,96,2260800,193,2027930,156,1874042,82.89286978
10/25/2022,3,223,175,8,19,10068,0,75,2260800,226,2028156,178,1874220,82.9007431
10/26/2022,2,245,279,12,17,11065,0,122,2260800,247,2028403,281,1874501,82.91317233
10/27/2022,4,226,181,22,23,9880,0,110,2260800,230,2028633,185,1874686,82.92135527
10/28/2022,4,188,210,8,19,11291,0,146,2260800,192,2028825,214,1874900,82.93082095
10/29/2022,3,76,57,7,10,5206,0,55,2260800,79,2028904,60,1874960,82.93347488
10/30/2022,0,21,24,7,1,2882,0,4,2260800,21,2028925,24,1874984,82.93453645
10/31/2022,1,124,110,5,10,8396,0,52,2260800,125,2029050,111,1875095,82.93944621
11/1/2022,4,196,143,10,25,9177,0,96,2260800,200,2029250,147,1875242,82.94594834
11/2/2022,2,174,205,5,10,8935,0,105,2260800,176,2029426,207,1875449,82.95510439
11/3/2022,1,182,173,4,15,9119,0,73,2260800,183,2029609,174,1875623,82.96280078
11/4/2022,1,193,182,14,16,10711,0,100,2260800,194,2029803,183,1875806,82.97089526
11/5/2022,0,100,68,7,6,9216,0,56,2260800,100,2029903,68,1875874,82.97390304
11/6/2022,1,21,25,4,6,2410,0,12,2260800,22,2029925,26,1875900,82.97505308
11/7/2022,1,164,114,11,16,8184,0,79,2260800,165,2030090,115,1876015,82.98013977
11/8/2022,2,177,155,9,22,8098,0,59,2260800,179,2030269,157,1876172,82.98708422
11/9/2022,0,196,233,11,11,9024,0,98,2260800,196,2030465,233,1876405,82.9973903
11/10/2022,0,222,158,13,25,8602,0,93,2260800,222,2030687,158,1876563,83.00437898
11/11/2022,1,106,146,6,9,8400,0,84,2260800,107,2030794,147,1876710,83.0108811
11/12/2022,0,75,73,6,13,5283,0,54,2260800,75,2030869,73,1876783,83.01411005
11/13/2022,1,25,40,5,14,2677,0,14,2260800,26,2030895,41,1876824,83.01592357
11/14/2022,1,189,123,13,12,6694,0,94,2260800,190,2031085,124,1876948,83.02140835
11/15/2022,1,187,162,9,18,7274,0,99,2260800,188,2031273,163,1877111,83.02861819
11/16/2022,3,186,216,19,21,7195,0,102,2260800,189,2031462,219,1877330,83.03830502
11/17/2022,1,180,150,10,13,6725,0,84,2260800,181,2031643,151,1877481,83.04498408
11/18/2022,0,188,212,5,12,7501,0,127,2260800,188,2031831,212,1877693,83.05436129
11/19/2022,0,85,86,7,2,4660,0,70,2260800,85,2031916,86,1877779,83.05816525
11/20/2022,4,19,27,2,4,2606,0,9,2260800,23,2031939,31,1877810,83.05953645
11/21/2022,2,147,188,7,13,5856,0,92,2260800,149,2032088,190,1878000,83.06794055
11/22/2022,0,136,147,8,23,5826,0,92,2260800,136,2032224,147,1878147,83.07444268
11/23/2022,1,113,146,10,13,5182,0,73,2260800,114,2032338,147,1878294,83.0809448
11/24/2022,1,6,42,3,1,66,0,1,2260800,7,2032345,43,1878337,83.08284678
11/25/2022,1,72,51,12,23,4219,0,26,2260800,73,2032418,52,1878389,83.08514685
11/26/2022,0,41,59,5,8,2313,0,36,2260800,41,2032459,59,1878448,83.08775655
11/27/2022,0,17,33,6,6,1539,0,10,2260800,17,2032476,33,1878481,83.08921621
11/28/2022,4,136,165,8,10,4715,0,81,2260800,140,2032616,169,1878650,83.09669144
11/29/2022,0,131,142,4,13,4186,0,68,2260800,131,2032747,142,1878792,83.1029724
11/30/2022,0,168,241,9,10,4553,0,123,2260800,168,2032915,241,1879033,83.11363234
12/1/2022,5,139,159,5,15,4195,0,92,2260800,144,2033059,164,1879197,83.12088641
12/2/2022,3,151,157,3,17,5120,0,105,2260800,154,2033213,160,1879357,83.12796355
12/3/2022,1,60,73,9,9,2586,0,72,2260800,61,2033274,74,1879431,83.13123673
12/4/2022,0,11,24,2,4,1378,0,8,2260800,11,2033285,24,1879455,83.1322983
12/5/2022,2,113,123,4,8,4084,0,67,2260800,115,2033400,125,1879580,83.13782732
12/6/2022,3,150,143,7,13,4254,0,71,2260800,153,2033553,146,1879726,83.14428521
12/7/2022,1,169,233,7,4,4597,0,73,2260800,170,2033723,234,1879960,83.15463553
12/8/2022,4,171,168,3,8,4192,0,86,2260800,175,2033898,172,1880132,83.16224345
12/9/2022,2,179,185,10,15,5303,0,64,2260800,181,2034079,187,1880319,83.17051486
12/10/2022,4,55,85,4,6,2750,0,16,2260800,59,2034138,89,1880408,83.17445152
12/11/2022,1,19,25,6,3,1436,0,6,2260800,20,2034158,26,1880434,83.17560156
12/12/2022,1,146,121,12,11,4499,0,36,2260800,147,2034305,122,1880556,83.18099788
12/13/2022,1,147,127,7,13,4050,0,35,2260800,148,2034453,128,1880684,83.18665959
12/14/2022,2,165,230,9,2,4317,0,72,2260800,167,2034620,232,1880916,83.19692144
12/15/2022,1,156,137,4,15,4320,0,39,2260800,157,2034777,138,1881054,83.20302548
12/16/2022,3,138,150,2,12,4759,0,42,2260800,141,2034918,153,1881207,83.20979299
12/17/2022,1,41,55,4,13,2314,0,18,2260800,42,2034960,56,1881263,83.21226999
12/18/2022,0,19,36,0,0,1448,0,4,2260800,19,2034979,36,1881299,83.21386235
12/19/2022,1,128,151,9,7,4582,0,30,2260800,129,2035108,152,1881451,83.22058563
12/20/2022,1,96,87,11,6,3121,0,28,2260800,97,2035205,88,1881539,83.22447806
12/21/2022,6,128,157,8,9,3114,0,28,2260800,134,2035339,163,1881702,83.2316879
12/22/2022,2,118,110,7,8,3197,0,21,2260800,120,2035459,112,1881814,83.2366419
12/23/2022,1,18,13,2,2,739,0,2,2260800,19,2035478,14,1881828,83.23726115
12/24/2022,0,17,14,0,1,733,0,8,2260800,17,2035495,14,1881842,83.2378804
12/25/2022,0,2,2,0,0,16,0,1,2260800,2,2035497,2,1881844,83.23796886
12/26/2022,2,44,33,3,6,2129,0,15,2260800,46,2035543,35,1881879,83.23951699
12/27/2022,0,112,136,9,10,3529,0,46,2260800,112,2035655,136,1882015,83.24553255
12/28/2022,5,127,112,5,5,3237,0,32,2260800,132,2035787,117,1882132,83.25070771
12/29/2022,1,124,109,3,3,3409,0,36,2260800,125,2035912,110,1882242,83.25557325
12/30/2022,0,140,148,9,7,3326,0,22,2260800,140,2036052,148,1882390,83.2621196
12/31/2022,0,19,15,0,0,683,0,4,2260800,19,2036071,15,1882405,83.26278309
1/1/2023,0,2,1,1,0,203,0,5,2260800,2,2036073,1,1882406,83.26282732
1/2/2023,0,63,78,2,8,1885,0,14,2260800,63,2036136,78,1882484,83.26627742
1/3/2023,2,160,126,6,4,2389,0,28,2260800,162,2036298,128,1882612,83.27193914
1/4/2023,1,175,201,2,1,2364,0,39,2260800,176,2036474,202,1882814,83.28087403
1/5/2023,0,140,106,9,6,2386,0,39,2260800,140,2036614,106,1882920,83.28556263
1/6/2023,1,162,169,3,5,3110,0,35,2260800,163,2036777,170,1883090,83.29308209
1/7/2023,3,62,75,2,5,1749,0,30,2260800,65,2036842,78,1883168,83.2965322
1/8/2023,1,20,15,1,3,856,0,13,2260800,21,2036863,16,1883184,83.29723992
1/9/2023,2,148,109,3,1,2547,0,45,2260800,150,2037013,111,1883295,83.30214968
1/10/2023,0,166,128,8,7,2154,0,48,2260800,166,2037179,128,1883423,83.30781139
1/11/2023,0,163,155,2,4,2000,0,41,2260800,163,2037342,155,1883578,83.31466737
1/12/2023,2,112,112,5,6,2110,0,32,2260800,114,2037456,114,1883692,83.31970984
1/13/2023,0,124,106,3,9,2563,0,35,2260800,124,2037580,106,1883798,83.32439844
1/14/2023,0,49,50,2,7,1478,0,20,2260800,49,2037629,50,1883848,83.32661005
1/15/2023,6,14,12,0,0,698,0,14,2260800,20,2037649,18,1883866,83.32740623
1/16/2023,1,56,41,6,0,903,0,22,2260800,57,2037706,42,1883908,83.32926398
1/17/2023,2,114,116,0,3,1621,0,27,2260800,116,2037822,118,1884026,83.33448337
1/18/2023,1,135,159,5,4,1630,0,32,2260800,136,2037958,160,1884186,83.34156051
1/19/2023,1,103,107,6,3,1403,0,31,2260800,104,2038062,108,1884294,83.34633758
1/20/2023,1,112,123,5,3,1755,0,42,2260800,113,2038175,124,1884418,83.35182236
1/21/2023,0,24,41,2,1,865,0,14,2260800,24,2038199,41,1884459,83.35363588
1/22/2023,0,13,10,1,2,344,0,12,2260800,13,2038212,10,1884469,83.3540782
1/23/2023,1,119,83,3,3,1432,0,37,2260800,120,2038332,84,1884553,83.3577937
1/24/2023,0,94,72,4,3,1179,0,36,2260800,94,2038426,72,1884625,83.36097841
1/25/2023,1,117,157,4,2,1334,0,26,2260800,118,2038544,158,1884783,83.36796709
1/26/2023,1,92,88,2,6,1209,0,17,2260800,93,2038637,89,1884872,83.37190375
1/27/2023,0,90,108,5,7,1356,0,23,2260800,90,2038727,108,1884980,83.37668082
1/28/2023,0,29,42,0,2,612,0,12,2260800,29,2038756,42,1885022,83.37853857
1/29/2023,0,7,8,1,5,324,0,13,2260800,7,2038763,8,1885030,83.37889243
1/30/2023,1,90,81,3,5,1135,0,31,2260800,91,2038854,82,1885112,83.38251946
1/31/2023,1,76,77,4,2,1070,0,27,2260800,77,2038931,78,1885190,83.38596957
2/1/2023,1,108,149,3,1,1115,0,48,2260800,109,2039040,150,1885340,83.39260439
2/2/2023,2,95,70,3,3,1000,0,40,2260800,97,2039137,72,1885412,83.3957891
2/3/2023,1,82,125,7,0,1378,0,39,2260800,83,2039220,126,1885538,83.40136235
2/4/2023,5,30,49,3,0,617,0,21,2260800,35,2039255,54,1885592,83.40375088
2/5/2023,0,7,5,2,1,334,0,12,2260800,7,2039262,5,1885597,83.40397205
2/6/2023,2,90,85,4,3,1085,0,26,2260800,92,2039354,87,1885684,83.40782024
2/7/2023,3,93,90,1,2,983,0,32,2260800,96,2039450,93,1885777,83.41193383
2/8/2023,1,106,161,2,4,986,0,27,2260800,107,2039557,162,1885939,83.41909943
2/9/2023,3,91,71,0,3,939,0,30,2260800,94,2039651,74,1886013,83.42237261
2/10/2023,0,97,99,2,3,1219,0,46,2260800,97,2039748,99,1886112,83.42675159
2/11/2023,0,33,38,1,1,482,0,11,2260800,33,2039781,38,1886150,83.42843241
2/12/2023,0,6,8,0,0,182,0,9,2260800,6,2039787,8,1886158,83.42878627
2/13/2023,1,82,67,10,2,915,0,29,2260800,83,2039870,68,1886226,83.43179406
2/14/2023,0,66,78,0,0,735,0,35,2260800,66,2039936,78,1886304,83.43524416
2/15/2023,0,98,135,2,2,905,0,25,2260800,98,2040034,135,1886439,83.4412155
2/16/2023,5,89,66,3,0,834,0,28,2260800,94,2040128,71,1886510,83.44435598
2/17/2023,0,77,77,0,3,969,0,33,2260800,77,2040205,77,1886587,83.44776185
2/18/2023,0,15,26,3,0,403,0,12,2260800,15,2040220,26,1886613,83.44891189
2/19/2023,0,5,7,0,0,192,0,8,2260800,5,2040225,7,1886620,83.44922151
2/20/2023,0,44,27,5,5,541,0,20,2260800,44,2040269,27,1886647,83.45041578
2/21/2023,0,80,68,1,2,702,0,21,2260800,80,2040349,68,1886715,83.45342357
2/22/2023,0,72,119,5,2,745,0,30,2260800,72,2040421,119,1886834,83.45868719
2/23/2023,0,58,58,5,2,684,0,32,2260800,58,2040479,58,1886892,83.46125265
2/24/2023,0,75,89,3,1,809,0,24,2260800,75,2040554,89,1886981,83.46518931
2/25/2023,1,12,33,0,1,332,0,8,2260800,13,2040567,34,1887015,83.46669321
2/26/2023,0,10,17,0,0,172,0,8,2260800,10,2040577,17,1887032,83.46744515
2/27/2023,4,69,70,3,0,820,0,25,2260800,73,2040650,74,1887106,83.47071833
2/28/2023,0,100,91,1,0,727,0,35,2260800,100,2040750,91,1887197,83.47474345
3/1/2023,2,92,121,5,1,690,0,27,2260800,94,2040844,123,1887320,83.48018401
3/2/2023,2,76,65,3,1,691,0,25,2260800,78,2040922,67,1887387,83.48314756
3/3/2023,0,99,85,4,7,886,0,39,2260800,99,2041021,85,1887472,83.48690729
3/4/2023,0,25,16,0,4,359,0,17,2260800,25,2041046,16,1887488,83.487615
3/5/2023,0,15,6,3,0,150,0,12,2260800,15,2041061,6,1887494,83.4878804
3/6/2023,0,79,68,1,0,715,0,30,2260800,79,2041140,68,1887562,83.49088818
3/7/2023,0,82,74,2,2,618,0,31,2260800,82,2041222,74,1887636,83.49416136
3/8/2023,0,69,119,2,5,639,0,27,2260800,69,2041291,119,1887755,83.49942498
3/9/2023,0,78,56,4,2,723,0,28,2260800,78,2041369,56,1887811,83.50190198
3/10/2023,0,88,61,1,1,826,0,47,2260800,88,2041457,61,1887872,83.50460014
3/11/2023,1,31,32,1,1,408,0,26,2260800,32,2041489,33,1887905,83.5060598
3/12/2023,2,10,9,0,0,171,0,14,2260800,12,2041501,11,1887916,83.50654636
3/13/2023,2,70,43,1,0,702,0,25,2260800,72,2041573,45,1887961,83.5085368
3/14/2023,0,79,73,1,2,608,0,16,2260800,79,2041652,73,1888034,83.51176575
3/15/2023,0,77,94,3,1,622,0,36,2260800,77,2041729,94,1888128,83.51592357
3/16/2023,2,72,75,2,1,553,0,31,2260800,74,2041803,77,1888205,83.51932944
3/17/2023,0,69,89,1,4,694,0,35,2260800,69,2041872,89,1888294,83.5232661
3/18/2023,0,20,13,0,0,259,0,15,2260800,20,2041892,13,1888307,83.52384112
3/19/2023,0,14,9,0,0,127,0,7,2260800,14,2041906,9,1888316,83.52423921
3/20/2023,0,48,41,4,1,703,0,31,2260800,48,2041954,41,1888357,83.52605272
3/21/2023,0,82,69,2,1,602,0,28,2260800,82,2042036,69,1888426,83.52910474
3/22/2023,1,84,112,4,2,669,0,29,2260800,85,2042121,113,1888539,83.53410297
3/23/2023,0,86,52,0,2,604,0,38,2260800,86,2042207,52,1888591,83.53640304
3/24/2023,0,76,80,1,0,692,0,46,2260800,76,2042283,80,1888671,83.53994161
3/25/2023,0,12,25,4,1,293,0,26,2260800,12,2042295,25,1888696,83.54104742
3/26/2023,0,10,7,0,0,152,0,6,2260800,10,2042305,7,1888703,83.54135704
3/27/2023,0,58,51,6,2,656,0,37,2260800,58,2042363,51,1888754,83.54361288
3/28/2023,1,62,67,6,0,566,0,40,2260800,63,2042426,68,1888822,83.54662067
3/29/2023,0,81,98,1,1,615,0,45,2260800,81,2042507,98,1888920,83.55095541
3/30/2023,1,77,66,0,3,546,0,44,2260800,78,2042585,67,1888987,83.55391897
3/31/2023,0,70,52,3,1,738,0,35,2260800,70,2042655,52,1889039,83.55621904
4/1/2023,0,21,19,0,1,289,0,13,2260800,21,2042676,19,1889058,83.55705945
4/2/2023,0,21,9,2,1,135,0,13,2260800,21,2042697,9,1889067,83.55745754
4/3/2023,0,45,59,1,1,554,0,35,2260800,45,2042742,59,1889126,83.56006723
4/4/2023,1,68,59,0,0,561,0,32,2260800,69,2042811,60,1889186,83.56272116
4/5/2023,0,81,84,1,3,546,0,33,2260800,81,2042892,84,1889270,83.56643666
4/6/2023,2,53,48,0,3,556,0,30,2260800,55,2042947,50,1889320,83.56864827
4/7/2023,0,55,48,1,2,579,0,50,2260800,55,2043002,48,1889368,83.57077141
4/8/2023,0,15,14,1,2,215,0,23,2260800,15,2043017,14,1889382,83.57139066
4/9/2023,0,7,7,4,3,61,0,7,2260800,7,2043024,7,1889389,83.57170028
4/10/2023,0,69,55,3,0,566,0,33,2260800,69,2043093,55,1889444,83.57413305
4/11/2023,0,63,47,2,0,562,0,33,2260800,63,2043156,47,1889491,83.57621196
4/12/2023,0,71,52,3,1,521,0,45,2260800,71,2043227,52,1889543,83.57851203
4/13/2023,0,44,56,1,1,523,0,30,2260800,44,2043271,56,1889599,83.58098903
4/14/2023,0,58,58,1,3,581,0,37,2260800,58,2043329,58,1889657,83.58355449
4/15/2023,0,16,13,1,1,227,0,23,2260800,16,2043345,13,1889670,83.58412951
4/16/2023,0,9,5,0,0,103,0,8,2260800,9,2043354,5,1889675,83.58435067
4/17/2023,2,80,51,2,2,552,0,35,2260800,82,2043436,53,1889728,83.58669498
4/18/2023,0,51,41,2,1,518,0,54,2260800,51,2043487,41,1889769,83.58850849
4/19/2023,0,0,0,0,0,546,0,145,2260800,0,2043487,0,1889769,83.58850849
4/20/2023,0,0,0,0,0,534,0,615,2260800,0,2043487,0,1889769,83.58850849
4/21/2023,0,0,0,0,0,636,0,868,2260800,0,2043487,0,1889769,83.58850849
4/22/2023,0,0,0,0,0,220,0,553,2260800,0,2043487,0,1889769,83.58850849
4/23/2023,0,0,0,0,0,127,0,295,2260800,0,2043487,0,1889769,83.58850849
4/24/2023,0,0,0,0,0,633,0,974,2260800,0,2043487,0,1889769,83.58850849
4/25/2023,0,0,0,1,0,582,0,868,2260800,0,2043487,0,1889769,83.58850849
4/26/2023,0,0,0,0,0,677,0,915,2260800,0,2043487,0,1889769,83.58850849
4/27/2023,0,0,0,0,0,558,0,877,2260800,0,2043487,0,1889769,83.58850849
4/28/2023,0,0,0,0,0,617,0,945,2260800,0,2043487,0,1889769,83.58850849
4/29/2023,0,0,0,0,0,211,0,428,2260800,0,2043487,0,1889769,83.58850849
4/30/2023,0,0,0,0,0,137,0,245,2260800,0,2043487,0,1889769,83.58850849
5/1/2023,0,0,0,0,0,625,0,884,2260800,0,2043487,0,1889769,83.58850849
5/2/2023,0,0,0,0,0,679,0,1048,2260800,0,2043487,0,1889769,83.58850849
5/3/2023,0,0,0,0,0,690,0,1252,2260800,0,2043487,0,1889769,83.58850849
5/4/2023,0,0,0,2,0,626,0,1249,2260800,0,2043487,0,1889769,83.58850849
5/5/2023,0,0,0,0,0,754,0,1328,2260800,0,2043487,0,1889769,83.58850849
5/6/2023,0,0,0,0,0,268,0,549,2260800,0,2043487,0,1889769,83.58850849
5/7/2023,0,0,0,1,0,177,0,381,2260800,0,2043487,0,1889769,83.58850849
5/8/2023,0,0,0,0,0,601,0,1150,2260800,0,2043487,0,1889769,83.58850849
5/9/2023,0,0,0,1,0,661,0,1224,2260800,0,2043487,0,1889769,83.58850849
5/10/2023,0,0,0,0,0,776,0,1114,2260800,0,2043487,0,1889769,83.58850849
5/11/2023,0,0,0,0,0,589,0,1140,2260800,0,2043487,0,1889769,83.58850849
5/12/2023,0,0,0,0,0,618,0,969,2260800,0,2043487,0,1889769,83.58850849
5/13/2023,0,0,1,1,0,165,0,289,2260800,0,2043487,1,1889770,83.58855272
5/14/2023,0,0,0,0,0,54,0,97,2260800,0,2043487,0,1889770,83.58855272
5/15/2023,0,0,0,0,0,542,0,797,2260800,0,2043487,0,1889770,83.58855272
5/16/2023,0,0,0,0,0,544,0,800,2260800,0,2043487,0,1889770,83.58855272
5/17/2023,0,0,0,0,0,662,0,767,2260800,0,2043487,0,1889770,83.58855272
5/18/2023,0,0,0,0,0,437,0,601,2260800,0,2043487,0,1889770,83.58855272
5/19/2023,0,0,0,0,0,560,0,754,2260800,0,2043487,0,1889770,83.58855272
5/20/2023,0,0,0,0,0,186,0,293,2260800,0,2043487,0,1889770,83.58855272
5/21/2023,0,0,0,0,0,88,0,104,2260800,0,2043487,0,1889770,83.58855272
5/22/2023,0,0,0,0,0,582,0,786,2260800,0,2043487,0,1889770,83.58855272
5/23/2023,0,0,1,0,0,576,0,792,2260800,0,2043487,1,1889771,83.58859696
5/24/2023,0,0,0,0,0,600,0,750,2260800,0,2043487,0,1889771,83.58859696
5/25/2023,0,0,0,0,0,567,0,648,2260800,0,2043487,0,1889771,83.58859696
5/26/2023,0,0,0,0,0,642,0,749,2260800,0,2043487,0,1889771,83.58859696
5/27/2023,0,0,0,0,0,160,0,245,2260800,0,2043487,0,1889771,83.58859696
5/28/2023,0,0,0,0,0,89,0,140,2260800,0,2043487,0,1889771,83.58859696
5/29/2023,0,0,0,0,1,33,0,77,2260800,0,2043487,0,1889771,83.58859696
5/30/2023,0,0,0,0,0,539,0,751,2260800,0,2043487,0,1889771,83.58859696
5/31/2023,0,0,0,0,0,548,0,893,2260800,0,2043487,0,1889771,83.58859696
6/1/2023,0,0,0,0,0,522,0,652,2260800,0,2043487,0,1889771,83.58859696
6/2/2023,0,0,0,0,0,547,0,684,2260800,0,2043487,0,1889771,83.58859696
6/3/2023,0,0,0,0,0,177,0,321,2260800,0,2043487,0,1889771,83.58859696
6/4/2023,0,0,0,0,0,67,0,100,2260800,0,2043487,0,1889771,83.58859696
6/5/2023,0,0,0,0,0,566,0,591,2260800,0,2043487,0,1889771,83.58859696
6/6/2023,0,0,0,0,0,558,0,600,2260800,0,2043487,0,1889771,83.58859696
6/7/2023,0,0,0,0,0,528,0,523,2260800,0,2043487,0,1889771,83.58859696
6/8/2023,0,0,0,0,0,447,0,518,2260800,0,2043487,0,1889771,83.58859696
6/9/2023,0,0,0,0,0,533,0,573,2260800,0,2043487,0,1889771,83.58859696
6/10/2023,0,0,0,0,0,190,0,181,2260800,0,2043487,0,1889771,83.58859696
6/11/2023,0,0,0,0,0,102,0,109,2260800,0,2043487,0,1889771,83.58859696
6/12/2023,0,0,0,0,1,508,0,504,2260800,0,2043487,0,1889771,83.58859696
6/13/2023,0,0,1,0,0,529,0,619,2260800,0,2043487,1,1889772,83.58864119
6/14/2023,0,0,0,0,0,535,0,583,2260800,0,2043487,0,1889772,83.58864119
6/15/2023,0,0,0,1,0,499,0,644,2260800,0,2043487,0,1889772,83.58864119
6/16/2023,0,0,0,0,1,495,0,526,2260800,0,2043487,0,1889772,83.58864119
6/17/2023,0,0,0,3,0,144,0,135,2260800,0,2043487,0,1889772,83.58864119
6/18/2023,0,0,0,0,0,83,0,77,2260800,0,2043487,0,1889772,83.58864119
6/19/2023,0,0,0,1,0,438,0,376,2260800,0,2043487,0,1889772,83.58864119
6/20/2023,0,0,0,0,0,469,0,430,2260800,0,2043487,0,1889772,83.58864119
6/21/2023,0,0,0,0,1,481,0,434,2260800,0,2043487,0,1889772,83.58864119
6/22/2023,0,0,0,0,0,386,0,436,2260800,0,2043487,0,1889772,83.58864119
6/23/2023,0,0,0,2,0,472,0,451,2260800,0,2043487,0,1889772,83.58864119
6/24/2023,0,0,0,0,0,110,0,151,2260800,0,2043487,0,1889772,83.58864119
6/25/2023,0,0,0,0,0,56,0,45,2260800,0,2043487,0,1889772,83.58864119
6/26/2023,0,0,0,0,0,455,0,376,2260800,0,2043487,0,1889772,83.58864119
6/27/2023,0,0,0,0,0,438,0,410,2260800,0,2043487,0,1889772,83.58864119
6/28/2023,0,0,0,0,0,390,0,373,2260800,0,2043487,0,1889772,83.58864119
6/29/2023,0,0,0,1,0,422,0,375,2260800,0,2043487,0,1889772,83.58864119
6/30/2023,0,0,0,0,0,486,0,439,2260800,0,2043487,0,1889772,83.58864119
7/1/2023,0,0,0,0,0,92,0,124,2260800,0,2043487,0,1889772,83.58864119
7/2/2023,0,0,0,0,0,58,0,65,2260800,0,2043487,0,1889772,83.58864119
7/3/2023,0,0,0,0,0,340,0,298,2260800,0,2043487,0,1889772,83.58864119
7/4/2023,0,0,0,0,0,7,0,22,2260800,0,2043487,0,1889772,83.58864119
7/5/2023,0,0,0,0,0,351,0,340,2260800,0,2043487,0,1889772,83.58864119
7/6/2023,0,0,0,0,0,413,0,302,2260800,0,2043487,0,1889772,83.58864119
7/7/2023,0,0,0,0,0,392,0,346,2260800,0,2043487,0,1889772,83.58864119
7/8/2023,0,0,0,0,0,75,0,96,2260800,0,2043487,0,1889772,83.58864119
7/9/2023,0,0,0,0,0,52,0,61,2260800,0,2043487,0,1889772,83.58864119
7/10/2023,0,0,0,0,0,376,0,318,2260800,0,2043487,0,1889772,83.58864119
7/11/2023,0,0,0,0,0,339,0,321,2260800,0,2043487,0,1889772,83.58864119
7/12/2023,0,0,0,0,0,394,0,298,2260800,0,2043487,0,1889772,83.58864119
7/13/2023,0,0,0,0,0,361,0,276,2260800,0,2043487,0,1889772,83.58864119
7/14/2023,0,0,0,0,0,384,0,271,2260800,0,2043487,0,1889772,83.58864119
7/15/2023,0,0,0,0,0,110,0,81,2260800,0,2043487,0,1889772,83.58864119
7/16/2023,0,0,0,0,0,32,0,36,2260800,0,2043487,0,1889772,83.58864119
7/17/2023,0,0,0,0,0,401,0,277,2260800,0,2043487,0,1889772,83.58864119
7/18/2023,0,0,0,0,0,365,0,312,2260800,0,2043487,0,1889772,83.58864119
7/19/2023,0,0,0,0,1,341,0,285,2260800,0,2043487,0,1889772,83.58864119
7/20/2023,0,0,0,0,0,285,0,264,2260800,0,2043487,0,1889772,83.58864119
7/21/2023,0,0,0,0,0,331,0,288,2260800,0,2043487,0,1889772,83.58864119
7/22/2023,0,0,0,0,0,86,0,68,2260800,0,2043487,0,1889772,83.58864119
7/23/2023,0,0,0,0,0,24,0,28,2260800,0,2043487,0,1889772,83.58864119
7/24/2023,0,0,0,0,0,387,0,289,2260800,0,2043487,0,1889772,83.58864119
7/25/2023,0,0,0,0,0,352,0,317,2260800,0,2043487,0,1889772,83.58864119
7/26/2023,0,0,0,0,0,361,0,201,2260800,0,2043487,0,1889772,83.58864119
7/27/2023,0,0,0,0,0,331,0,270,2260800,0,2043487,0,1889772,83.58864119
7/28/2023,0,0,0,0,0,357,0,293,2260800,0,2043487,0,1889772,83.58864119
7/29/2023,0,0,0,0,0,130,0,118,2260800,0,2043487,0,1889772,83.58864119
7/30/2023,0,0,0,0,0,28,0,46,2260800,0,2043487,0,1889772,83.58864119
7/31/2023,0,0,0,0,0,339,0,338,2260800,0,2043487,0,1889772,83.58864119
8/1/2023,0,0,0,0,0,366,0,333,2260800,0,2043487,0,1889772,83.58864119
8/2/2023,0,0,0,0,0,330,0,280,2260800,0,2043487,0,1889772,83.58864119
8/3/2023,0,0,0,0,0,334,0,334,2260800,0,2043487,0,1889772,83.58864119
8/4/2023,0,0,0,0,0,368,0,337,2260800,0,2043487,0,1889772,83.58864119
8/5/2023,0,0,0,0,0,105,0,106,2260800,0,2043487,0,1889772,83.58864119
8/6/2023,0,0,0,0,0,30,0,51,2260800,0,2043487,0,1889772,83.58864119
8/7/2023,0,0,0,0,0,326,0,377,2260800,0,2043487,0,1889772,83.58864119
8/8/2023,0,0,0,0,0,359,0,395,2260800,0,2043487,0,1889772,83.58864119
8/9/2023,0,0,0,0,0,338,0,377,2260800,0,2043487,0,1889772,83.58864119
8/10/2023,0,0,0,0,0,312,0,368,2260800,0,2043487,0,1889772,83.58864119
8/11/2023,0,0,0,0,0,377,0,307,2260800,0,2043487,0,1889772,83.58864119
8/12/2023,0,0,0,0,0,92,0,101,2260800,0,2043487,0,1889772,83.58864119
8/13/2023,0,0,0,0,0,56,0,77,2260800,0,2043487,0,1889772,83.58864119
8/14/2023,0,0,0,0,0,421,0,302,2260800,0,2043487,0,1889772,83.58864119
8/15/2023,0,0,0,0,0,392,0,274,2260800,0,2043487,0,1889772,83.58864119
8/16/2023,0,0,0,0,0,353,0,257,2260800,0,2043487,0,1889772,83.58864119
8/17/2023,0,0,0,0,0,356,0,248,2260800,0,2043487,0,1889772,83.58864119
8/18/2023,0,0,0,0,0,325,0,303,2260800,0,2043487,0,1889772,83.58864119
8/19/2023,0,0,0,0,0,160,0,128,2260800,0,2043487,0,1889772,83.58864119
8/20/2023,0,0,0,0,0,71,0,72,2260800,0,2043487,0,1889772,83.58864119
8/21/2023,0,0,0,0,0,348,0,288,2260800,0,2043487,0,1889772,83.58864119
8/22/2023,0,0,0,0,0,365,0,271,2260800,0,2043487,0,1889772,83.58864119
8/23/2023,0,0,0,0,0,352,0,231,2260800,0,2043487,0,1889772,83.58864119
8/24/2023,0,0,0,0,0,363,0,238,2260800,0,2043487,0,1889772,83.58864119
8/25/2023,0,0,0,0,0,298,0,189,2260800,0,2043487,0,1889772,83.58864119
8/26/2023,0,0,0,0,0,88,0,71,2260800,0,2043487,0,1889772,83.58864119
8/27/2023,0,0,0,0,0,87,0,48,2260800,0,2043487,0,1889772,83.58864119
8/28/2023,0,0,0,0,0,281,0,262,2260800,0,2043487,0,1889772,83.58864119
8/29/2023,0,0,0,0,0,376,0,229,2260800,0,2043487,0,1889772,83.58864119
8/30/2023,0,0,0,0,0,340,0,206,2260800,0,2043487,0,1889772,83.58864119
8/31/2023,0,0,0,1,0,281,0,163,2260800,0,2043487,0,1889772,83.58864119
9/1/2023,0,0,0,0,0,309,0,232,2260800,0,2043487,0,1889772,83.58864119
9/2/2023,0,0,0,0,0,110,0,86,2260800,0,2043487,0,1889772,83.58864119
9/3/2023,0,0,0,0,0,53,0,58,2260800,0,2043487,0,1889772,83.58864119
9/4/2023,0,0,0,0,0,20,0,14,2260800,0,2043487,0,1889772,83.58864119
9/5/2023,0,0,0,0,0,286,0,245,2260800,0,2043487,0,1889772,83.58864119
9/6/2023,0,0,0,0,0,277,0,225,2260800,0,2043487,0,1889772,83.58864119
9/7/2023,0,0,0,1,1,270,0,214,2260800,0,2043487,0,1889772,83.58864119
9/8/2023,0,0,0,1,0,277,0,198,2260800,0,2043487,0,1889772,83.58864119
9/9/2023,0,0,0,0,0,70,0,58,2260800,0,2043487,0,1889772,83.58864119
9/10/2023,0,0,0,0,0,46,0,30,2260800,0,2043487,0,1889772,83.58864119
9/11/2023,0,0,0,0,1,165,5,134,2260800,0,2043487,0,1889772,83.58864119
9/12/2023,0,0,0,0,1,0,35,2,2260800,0,2043487,0,1889772,83.58864119
9/13/2023,0,0,0,0,0,0,14,1,2260800,0,2043487,0,1889772,83.58864119
9/14/2023,0,0,0,0,0,0,11,0,2260800,0,2043487,0,1889772,83.58864119
9/15/2023,0,0,0,0,0,0,36,0,2260800,0,2043487,0,1889772,83.58864119
9/16/2023,0,0,0,0,0,0,170,0,2260800,0,2043487,0,1889772,83.58864119
9/17/2023,0,0,0,0,0,0,126,0,2260800,0,2043487,0,1889772,83.58864119
9/18/2023,0,0,0,0,0,0,1225,1,2260800,0,2043487,0,1889772,83.58864119
9/19/2023,0,0,1,1,0,0,1337,0,2260800,0,2043487,1,1889773,83.58868542
9/20/2023,0,0,0,0,0,0,1608,0,2260800,0,2043487,0,1889773,83.58868542
9/21/2023,0,0,1,0,0,0,2415,0,2260800,0,2043487,1,1889774,83.58872965
9/22/2023,0,0,0,0,0,0,3065,0,2260800,0,2043487,0,1889774,83.58872965
9/23/2023,0,0,0,0,0,0,3130,0,2260800,0,2043487,0,1889774,83.58872965
9/24/2023,0,0,0,0,0,0,2336,0,2260800,0,2043487,0,1889774,83.58872965
9/25/2023,0,0,0,0,0,0,4722,0,2260800,0,2043487,0,1889774,83.58872965
9/26/2023,0,0,0,0,1,0,5120,0,2260800,0,2043487,0,1889774,83.58872965
9/27/2023,0,0,0,0,0,0,5309,1,2260800,0,2043487,0,1889774,83.58872965
9/28/2023,0,0,0,0,0,0,6550,1,2260800,0,2043487,0,1889774,83.58872965
9/29/2023,0,0,0,0,0,0,7101,1,2260800,0,2043487,0,1889774,83.58872965
9/30/2023,0,0,0,0,0,0,5087,0,2260800,0,2043487,0,1889774,83.58872965
10/1/2023,0,0,0,0,0,0,3348,0,2260800,0,2043487,0,1889774,83.58872965
10/2/2023,0,0,0,0,0,0,8123,0,2260800,0,2043487,0,1889774,83.58872965
10/3/2023,0,0,0,1,0,0,8968,0,2260800,0,2043487,0,1889774,83.58872965
10/4/2023,0,0,0,0,0,0,9555,0,2260800,0,2043487,0,1889774,83.58872965
10/5/2023,0,0,0,0,0,0,9857,0,2260800,0,2043487,0,1889774,83.58872965
10/6/2023,0,0,0,0,0,0,10092,0,2260800,0,2043487,0,1889774,83.58872965
10/7/2023,0,0,0,0,0,0,6316,0,2260800,0,2043487,0,1889774,83.58872965
10/8/2023,0,0,0,0,0,0,3993,0,2260800,0,2043487,0,1889774,83.58872965
10/9/2023,0,0,0,0,0,0,10138,0,2260800,0,2043487,0,1889774,83.58872965
10/10/2023,0,0,0,0,0,0,10056,0,2260800,0,2043487,0,1889774,83.58872965
10/11/2023,0,0,0,0,0,0,9733,0,2260800,0,2043487,0,1889774,83.58872965
10/12/2023,0,0,0,0,0,0,10488,0,2260800,0,2043487,0,1889774,83.58872965
10/13/2023,0,0,0,0,0,0,12164,0,2260800,0,2043487,0,1889774,83.58872965
10/14/2023,0,0,0,0,0,0,6123,0,2260800,0,2043487,0,1889774,83.58872965
10/15/2023,0,0,0,0,0,0,6454,0,2260800,0,2043487,0,1889774,83.58872965
10/16/2023,0,0,0,0,0,0,10364,0,2260800,0,2043487,0,1889774,83.58872965
10/17/2023,0,0,0,0,0,0,9836,0,2260800,0,2043487,0,1889774,83.58872965
10/18/2023,0,0,0,0,0,0,10334,0,2260800,0,2043487,0,1889774,83.58872965
10/19/2023,0,0,0,0,0,0,9948,0,2260800,0,2043487,0,1889774,83.58872965
10/20/2023,0,0,0,0,0,0,10394,0,2260800,0,2043487,0,1889774,83.58872965
10/21/2023,0,0,0,0,0,0,7067,0,2260800,0,2043487,0,1889774,83.58872965
10/22/2023,0,0,0,0,0,0,2945,0,2260800,0,2043487,0,1889774,83.58872965
10/23/2023,0,0,0,0,0,0,9675,0,2260800,0,2043487,0,1889774,83.58872965
10/24/2023,0,0,0,0,0,0,9534,0,2260800,0,2043487,0,1889774,83.58872965
10/25/2023,0,0,0,0,0,0,10033,0,2260800,0,2043487,0,1889774,83.58872965
10/26/2023,0,0,0,0,0,0,9682,0,2260800,0,2043487,0,1889774,83.58872965
10/27/2023,0,0,0,0,0,0,10352,0,2260800,0,2043487,0,1889774,83.58872965
10/28/2023,0,0,0,0,0,0,7373,0,2260800,0,2043487,0,1889774,83.58872965
10/29/2023,0,0,0,0,0,0,3038,0,2260800,0,2043487,0,1889774,83.58872965
10/30/2023,0,0,0,0,0,0,8376,0,2260800,0,2043487,0,1889774,83.58872965
10/31/2023,0,0,0,0,0,0,7249,0,2260800,0,2043487,0,1889774,83.58872965
11/1/2023,0,0,0,0,0,0,8999,0,2260800,0,2043487,0,1889774,83.58872965
11/2/2023,0,0,0,0,0,0,8879,0,2260800,0,2043487,0,1889774,83.58872965
11/3/2023,0,0,0,0,0,0,8724,0,2260800,0,2043487,0,1889774,83.58872965
11/4/2023,0,0,0,0,0,0,5350,0,2260800,0,2043487,0,1889774,83.58872965
11/5/2023,0,0,0,0,0,0,3022,0,2260800,0,2043487,0,1889774,83.58872965
11/6/2023,0,0,0,0,0,0,7574,0,2260800,0,2043487,0,1889774,83.58872965
11/7/2023,0,0,0,0,0,0,7243,0,2260800,0,2043487,0,1889774,83.58872965
11/8/2023,0,0,0,0,0,0,7722,0,2260800,0,2043487,0,1889774,83.58872965
11/9/2023,0,0,0,0,0,0,7986,0,2260800,0,2043487,0,1889774,83.58872965
11/10/2023,0,0,0,0,0,0,8034,0,2260800,0,2043487,0,1889774,83.58872965
11/11/2023,0,0,0,0,0,0,3707,0,2260800,0,2043487,0,1889774,83.58872965
11/12/2023,0,0,0,0,0,0,2023,0,2260800,0,2043487,0,1889774,83.58872965
11/13/2023,0,0,0,0,0,0,6469,0,2260800,0,2043487,0,1889774,83.58872965
11/14/2023,0,0,0,0,0,0,6590,0,2260800,0,2043487,0,1889774,83.58872965
11/15/2023,0,0,0,0,0,0,6535,0,2260800,0,2043487,0,1889774,83.58872965
11/16/2023,0,0,0,0,0,0,6143,0,2260800,0,2043487,0,1889774,83.58872965
11/17/2023,0,0,0,0,0,0,7273,0,2260800,0,2043487,0,1889774,83.58872965
11/18/2023,0,0,0,0,0,0,3443,0,2260800,0,2043487,0,1889774,83.58872965
11/19/2023,0,0,0,0,0,0,1821,0,2260800,0,2043487,0,1889774,83.58872965
11/20/2023,0,0,0,0,0,0,5732,0,2260800,0,2043487,0,1889774,83.58872965
11/21/2023,0,0,0,0,0,0,5731,0,2260800,0,2043487,0,1889774,83.58872965
11/22/2023,0,0,0,0,0,0,4792,0,2260800,0,2043487,0,1889774,83.58872965
11/23/2023,0,0,0,0,0,0,21,0,2260800,0,2043487,0,1889774,83.58872965
11/24/2023,0,0,0,0,0,0,3904,0,2260800,0,2043487,0,1889774,83.58872965
11/25/2023,0,0,0,0,0,0,2068,0,2260800,0,2043487,0,1889774,83.58872965
11/26/2023,0,0,0,0,0,0,1240,0,2260800,0,2043487,0,1889774,83.58872965
11/27/2023,0,0,0,0,0,0,4097,0,2260800,0,2043487,0,1889774,83.58872965
11/28/2023,0,0,0,0,0,0,4283,0,2260800,0,2043487,0,1889774,83.58872965
11/29/2023,0,0,0,0,0,0,4344,0,2260800,0,2043487,0,1889774,83.58872965
11/30/2023,0,0,0,0,0,0,4146,0,2260800,0,2043487,0,1889774,83.58872965
12/1/2023,0,0,0,0,0,0,4844,0,2260800,0,2043487,0,1889774,83.58872965
12/2/2023,0,0,0,0,0,0,2858,0,2260800,0,2043487,0,1889774,83.58872965
12/3/2023,0,0,0,0,0,0,1319,0,2260800,0,2043487,0,1889774,83.58872965
12/4/2023,0,0,0,0,0,0,3896,0,2260800,0,2043487,0,1889774,83.58872965
12/5/2023,0,0,0,0,0,0,3374,0,2260800,0,2043487,0,1889774,83.58872965
12/6/2023,0,0,0,0,0,0,3722,0,2260800,0,2043487,0,1889774,83.58872965
12/7/2023,0,0,0,0,0,0,3410,0,2260800,0,2043487,0,1889774,83.58872965
12/8/2023,0,0,0,0,0,0,4064,0,2260800,0,2043487,0,1889774,83.58872965
12/9/2023,0,0,0,0,0,0,1455,0,2260800,0,2043487,0,1889774,83.58872965
12/10/2023,0,0,0,0,0,0,1076,0,2260800,0,2043487,0,1889774,83.58872965
12/11/2023,0,0,0,0,0,0,3483,0,2260800,0,2043487,0,1889774,83.58872965
12/12/2023,0,0,0,0,0,0,2911,0,2260800,0,2043487,0,1889774,83.58872965
12/13/2023,0,0,0,0,0,0,2903,0,2260800,0,2043487,0,1889774,83.58872965
12/14/2023,0,0,0,0,0,0,2725,0,2260800,0,2043487,0,1889774,83.58872965
12/15/2023,0,0,0,0,0,0,3345,0,2260800,0,2043487,0,1889774,83.58872965
12/16/2023,0,0,0,0,0,0,1795,0,2260800,0,2043487,0,1889774,83.58872965
12/17/2023,0,0,0,0,0,0,873,0,2260800,0,2043487,0,1889774,83.58872965
12/18/2023,0,0,0,0,0,0,2938,0,2260800,0,2043487,0,1889774,83.58872965
12/19/2023,0,0,0,0,0,0,2933,0,2260800,0,2043487,0,1889774,83.58872965
12/20/2023,0,0,0,0,0,0,2943,0,2260800,0,2043487,0,1889774,83.58872965
12/21/2023,0,0,0,0,0,0,2685,0,2260800,0,2043487,0,1889774,83.58872965
12/22/2023,0,0,0,0,0,0,2489,0,2260800,0,2043487,0,1889774,83.58872965
12/23/2023,0,0,0,0,0,0,849,0,2260800,0,2043487,0,1889774,83.58872965
12/24/2023,0,0,0,0,0,0,221,0,2260800,0,2043487,0,1889774,83.58872965
12/26/2023,0,0,0,0,0,0,2125,0,2260800,0,2043487,0,1889774,83.58872965
12/27/2023,0,0,0,0,0,0,2384,0,2260800,0,2043487,0,1889774,83.58872965
12/28/2023,0,0,0,0,0,0,2359,0,2260800,0,2043487,0,1889774,83.58872965
12/29/2023,0,0,0,0,0,0,2592,0,2260800,0,2043487,0,1889774,83.58872965
12/30/2023,0,0,0,0,0,0,913,0,2260800,0,2043487,0,1889774,83.58872965
12/31/2023,0,0,0,0,0,0,214,0,2260800,0,2043487,0,1889774,83.58872965
1/1/2024,0,0,0,0,0,0,87,0,2260800,0,2043487,0,1889774,83.58872965