date,fb_stay_put_custom,mask_wearing_final,oxford_stringency_index
2019-01-01,NA,NA,NA
2019-01-02,NA,NA,NA
2019-01-03,NA,NA,NA
2019-01-04,36.67966829867239,NA,NA
2019-01-05,35.99942165280183,NA,NA
2019-01-06,35.69120692185517,NA,NA
2019-01-07,35.47216943507521,NA,NA
2019-01-08,35.39710710098206,NA,NA
2019-01-09,35.20973637908351,NA,NA
2019-01-10,34.92025888471077,NA,NA
2019-01-11,34.65931419665522,NA,NA
2019-01-12,34.527992511311766,NA,NA
2019-01-13,34.393449525634466,NA,NA
2019-01-14,34.294375973304206,NA,NA
2019-01-15,34.22106886013956,NA,NA
2019-01-16,34.17613306970197,NA,NA
2019-01-17,34.146614029977385,NA,NA
2019-01-18,34.26792692728383,NA,NA
2019-01-19,34.397386070740865,NA,NA
2019-01-20,34.56956659854592,NA,NA
2019-01-21,34.72591309552804,NA,NA
2019-01-22,34.84702120541576,NA,NA
2019-01-23,34.94844956297883,NA,NA
2019-01-24,35.03543299816564,NA,NA
2019-01-25,34.88711712438601,NA,NA
2019-01-26,34.68685833318667,NA,NA
2019-01-27,34.447118623763544,NA,NA
2019-01-28,34.17175691026597,NA,NA
2019-01-29,33.9066316976167,NA,NA
2019-01-30,33.67471414373449,NA,NA
2019-01-31,33.53866340649616,NA,NA
2019-02-01,33.93569509222238,NA,NA
2019-02-02,34.6559788847756,NA,NA
2019-02-03,35.45080218365025,NA,NA
2019-02-04,36.378978727625125,NA,NA
2019-02-05,37.424302496368874,NA,NA
2019-02-06,38.8239016405519,NA,NA
2019-02-07,40.31653967954588,NA,NA
2019-02-08,41.38485229017502,NA,NA
2019-02-09,42.278167275682705,NA,NA
2019-02-10,43.23664707034601,NA,NA
2019-02-11,44.147904314492465,NA,NA
2019-02-12,44.84260368592962,NA,NA
2019-02-13,44.813310362281584,NA,NA
2019-02-14,44.33123895586276,NA,NA
2019-02-15,43.486087000351695,NA,NA
2019-02-16,42.20413907846937,NA,NA
2019-02-17,40.6262769296421,NA,NA
2019-02-18,38.9529644058851,NA,NA
2019-02-19,37.3636133507178,NA,NA
2019-02-20,36.08536634907517,NA,NA
2019-02-21,35.07176520916079,NA,NA
2019-02-22,34.315913192786596,NA,NA
2019-02-23,33.85763456035621,NA,NA
2019-02-24,33.54626486672041,NA,NA
2019-02-25,33.21299684856483,NA,NA
2019-02-26,32.87468149042768,NA,NA
2019-02-27,32.56490572982783,NA,NA
2019-02-28,32.257403767234344,NA,NA
2019-03-01,32.06350784481718,NA,NA
2019-03-02,31.910272638209012,NA,NA
2019-03-03,31.837753380634464,NA,NA
2019-03-04,31.968815123961633,NA,NA
2019-03-05,32.145944711708985,NA,NA
2019-03-06,32.347617320527796,NA,NA
2019-03-07,32.56062100645473,NA,NA
2019-03-08,32.766658614708234,NA,NA
2019-03-09,33.01064057805732,NA,NA
2019-03-10,33.181444288603494,NA,NA
2019-03-11,33.17157213673714,NA,NA
2019-03-12,33.11375390735036,NA,NA
2019-03-13,33.007012248609534,NA,NA
2019-03-14,32.851553027853505,NA,NA
2019-03-15,32.6745254115814,NA,NA
2019-03-16,32.40015225545596,NA,NA
2019-03-17,32.12906261149893,NA,NA
2019-03-18,31.89800173281827,NA,NA
2019-03-19,31.667066928266955,NA,NA
2019-03-20,31.488874623393105,NA,NA
2019-03-21,31.36490891398302,NA,NA
2019-03-22,31.239742824127426,NA,NA
2019-03-23,31.172851104450377,NA,NA
2019-03-24,31.09588420794127,NA,NA
2019-03-25,31.012206558722223,NA,NA
2019-03-26,30.93467370374689,NA,NA
2019-03-27,30.8164123236819,NA,NA
2019-03-28,30.640230804637863,NA,NA
2019-03-29,30.488896724297053,NA,NA
2019-03-30,30.338779468310783,NA,NA
2019-03-31,30.279452547814966,NA,NA
2019-04-01,30.278843881237826,NA,NA
2019-04-02,30.332009074642166,NA,NA
2019-04-03,30.463556123260666,NA,NA
2019-04-04,30.67103424536819,NA,NA
2019-04-05,30.9162424674162,NA,NA
2019-04-06,31.17649200174854,NA,NA
2019-04-07,31.38844799443404,NA,NA
2019-04-08,31.62222152650501,NA,NA
2019-04-09,31.841998326319892,NA,NA
2019-04-10,32.01517664991152,NA,NA
2019-04-11,32.1966932976786,NA,NA
2019-04-12,32.29656184460716,NA,NA
2019-04-13,32.36941185069996,NA,NA
2019-04-14,32.390418929348094,NA,NA
2019-04-15,32.29883290162739,NA,NA
2019-04-16,32.15876139785904,NA,NA
2019-04-17,31.97688850026747,NA,NA
2019-04-18,31.71692175338455,NA,NA
2019-04-19,31.483488327916636,NA,NA
2019-04-20,31.212553720766472,NA,NA
2019-04-21,30.916438484582017,NA,NA
2019-04-22,30.622283090199243,NA,NA
2019-04-23,30.310110259948242,NA,NA
2019-04-24,29.98699858433293,NA,NA
2019-04-25,29.624703208749345,NA,NA
2019-04-26,29.222912912256216,NA,NA
2019-04-27,28.838455546256835,NA,NA
2019-04-28,28.52070916582526,NA,NA
2019-04-29,28.28505481521078,NA,NA
2019-04-30,28.118224987582185,NA,NA
2019-05-01,28.010770176620245,NA,NA
2019-05-02,28.026090201194126,NA,NA
2019-05-03,28.10846516326654,NA,NA
2019-05-04,28.273632823267018,NA,NA
2019-05-05,28.47290128985627,NA,NA
2019-05-06,28.658390148231483,NA,NA
2019-05-07,28.810792520989892,NA,NA
2019-05-08,28.943325677346763,NA,NA
2019-05-09,29.031762832360616,NA,NA
2019-05-10,29.144053839314573,NA,NA
2019-05-11,29.21794850015278,NA,NA
2019-05-12,29.26027211568553,NA,NA
2019-05-13,29.28651426913655,NA,NA
2019-05-14,29.32096028908692,NA,NA
2019-05-15,29.37103294260324,NA,NA
2019-05-16,29.416666408372052,NA,NA
2019-05-17,29.41483238016064,NA,NA
2019-05-18,29.374327896742425,NA,NA
2019-05-19,29.295602218366515,NA,NA
2019-05-20,29.196623356375742,NA,NA
2019-05-21,29.10902490598431,NA,NA
2019-05-22,29.025317528089552,NA,NA
2019-05-23,28.90364894291553,NA,NA
2019-05-24,28.908042992719068,NA,NA
2019-05-25,28.931626737680165,NA,NA
2019-05-26,28.991162629602854,NA,NA
2019-05-27,29.07548737468304,NA,NA
2019-05-28,29.112603074620004,NA,NA
2019-05-29,29.139885643115033,NA,NA
2019-05-30,29.250501867942862,NA,NA
2019-05-31,29.126245409679605,NA,NA
2019-06-01,29.009127536138706,NA,NA
2019-06-02,28.910790712707502,NA,NA
2019-06-03,28.831526095099093,NA,NA
2019-06-04,28.824953769310916,NA,NA
2019-06-05,28.796642416324016,NA,NA
2019-06-06,28.718363025474005,NA,NA
2019-06-07,28.737058122241912,NA,NA
2019-06-08,28.749975309484558,NA,NA
2019-06-09,28.719834014470386,NA,NA
2019-06-10,28.69654201688818,NA,NA
2019-06-11,28.61223223000065,NA,NA
2019-06-12,28.546504563145167,NA,NA
2019-06-13,28.475000380212514,NA,NA
2019-06-14,28.43620794272008,NA,NA
2019-06-15,28.42696142475198,NA,NA
2019-06-16,28.456103084358197,NA,NA
2019-06-17,28.42400884656626,NA,NA
2019-06-18,28.43534887948036,NA,NA
2019-06-19,28.435181127436852,NA,NA
2019-06-20,28.46356026441933,NA,NA
2019-06-21,28.491639158219847,NA,NA
2019-06-22,28.500481032926405,NA,NA
2019-06-23,28.52092414046405,NA,NA
2019-06-24,28.61181064730428,NA,NA
2019-06-25,28.71275443196869,NA,NA
2019-06-26,28.84065157494137,NA,NA
2019-06-27,28.925604746942412,NA,NA
2019-06-28,29.033195218519168,NA,NA
2019-06-29,29.167727130269014,NA,NA
2019-06-30,29.252191625965562,NA,NA
2019-07-01,29.361867249893933,NA,NA
2019-07-02,29.474198272684948,NA,NA
2019-07-03,29.598152730654775,NA,NA
2019-07-04,29.82649366875358,NA,NA
2019-07-05,30.003268811217264,NA,NA
2019-07-06,30.139216157467953,NA,NA
2019-07-07,30.34092087317851,NA,NA
2019-07-08,30.435892742885695,NA,NA
2019-07-09,30.441028870441468,NA,NA
2019-07-10,30.38881373388491,NA,NA
2019-07-11,30.226024848329494,NA,NA
2019-07-12,30.071950602566115,NA,NA
2019-07-13,29.908281553075394,NA,NA
2019-07-14,29.697273599439285,NA,NA
2019-07-15,29.54163569345888,NA,NA
2019-07-16,29.49003630749043,NA,NA
2019-07-17,29.492709519380668,NA,NA
2019-07-18,29.50546683880643,NA,NA
2019-07-19,29.540300202469524,NA,NA
2019-07-20,29.57594464736543,NA,NA
2019-07-21,29.574068823514313,NA,NA
2019-07-22,29.532571491037892,NA,NA
2019-07-23,29.408725220816752,NA,NA
2019-07-24,29.235852317212757,NA,NA
2019-07-25,29.064532046122974,NA,NA
2019-07-26,28.841943550505526,NA,NA
2019-07-27,28.634394833474943,NA,NA
2019-07-28,28.450659481919548,NA,NA
2019-07-29,28.29699868298673,NA,NA
2019-07-30,28.211894938410722,NA,NA
2019-07-31,28.190237856008537,NA,NA
2019-08-01,28.21962826318727,NA,NA
2019-08-02,28.34756651262749,NA,NA
2019-08-03,28.52163724954802,NA,NA
2019-08-04,28.77074949611623,NA,NA
2019-08-05,29.054183283518086,NA,NA
2019-08-06,29.305805554079058,NA,NA
2019-08-07,29.52644633117286,NA,NA
2019-08-08,29.710469133251685,NA,NA
2019-08-09,29.790145714295736,NA,NA
2019-08-10,29.79503909008715,NA,NA
2019-08-11,29.69055354483272,NA,NA
2019-08-12,29.50817947978959,NA,NA
2019-08-13,29.322758408085342,NA,NA
2019-08-14,29.103882265742158,NA,NA
2019-08-15,28.901252236272185,NA,NA
2019-08-16,28.723180805060036,NA,NA
2019-08-17,28.561353898472408,NA,NA
2019-08-18,28.48310659538489,NA,NA
2019-08-19,28.449310068812174,NA,NA
2019-08-20,28.410322835255563,NA,NA
2019-08-21,28.393855825185433,NA,NA
2019-08-22,28.36512276429911,NA,NA
2019-08-23,28.3799824866069,NA,NA
2019-08-24,28.393100941373852,NA,NA
2019-08-25,28.360321644958734,NA,NA
2019-08-26,28.32544992953759,NA,NA
2019-08-27,28.27565969042604,NA,NA
2019-08-28,28.188940300114997,NA,NA
2019-08-29,28.07182789707049,NA,NA
2019-08-30,28.024895841087744,NA,NA
2019-08-31,28.026590435392816,NA,NA
2019-09-01,28.03674024228975,NA,NA
2019-09-02,28.0500114006682,NA,NA
2019-09-03,28.107316269676687,NA,NA
2019-09-04,28.30534461963978,NA,NA
2019-09-05,28.67267496045708,NA,NA
2019-09-06,28.857166212342985,NA,NA
2019-09-07,28.992790790091973,NA,NA
2019-09-08,29.133936409503555,NA,NA
2019-09-09,29.285127291301713,NA,NA
2019-09-10,29.43266337562965,NA,NA
2019-09-11,29.46514245564507,NA,NA
2019-09-12,29.371538680362175,NA,NA
2019-09-13,29.34818792439994,NA,NA
2019-09-14,29.367330049690352,NA,NA
2019-09-15,29.405930557533768,NA,NA
2019-09-16,29.4456202472791,NA,NA
2019-09-17,29.46244087742607,NA,NA
2019-09-18,29.47638567054424,NA,NA
2019-09-19,29.4666753990933,NA,NA
2019-09-20,29.49900952691581,NA,NA
2019-09-21,29.479406880340566,NA,NA
2019-09-22,29.401796050673337,NA,NA
2019-09-23,29.29016403017069,NA,NA
2019-09-24,29.186928906537897,NA,NA
2019-09-25,29.114909650306537,NA,NA
2019-09-26,28.989389676424526,NA,NA
2019-09-27,28.76186422281489,NA,NA
2019-09-28,28.55059907847485,NA,NA
2019-09-29,28.386721734012855,NA,NA
2019-09-30,28.201412717309072,NA,NA
2019-10-01,27.951769117833887,NA,NA
2019-10-02,27.642984186170143,NA,NA
2019-10-03,27.389845851343125,NA,NA
2019-10-04,27.255984374499498,NA,NA
2019-10-05,27.104193130945163,NA,NA
2019-10-06,26.916378732938494,NA,NA
2019-10-07,26.826542135800892,NA,NA
2019-10-08,26.86414784768465,NA,NA
2019-10-09,26.96048674945951,NA,NA
2019-10-10,27.11498146794144,NA,NA
2019-10-11,27.22146797484149,NA,NA
2019-10-12,27.380740624189922,NA,NA
2019-10-13,27.603258033029654,NA,NA
2019-10-14,27.79080762370242,NA,NA
2019-10-15,27.930756267864705,NA,NA
2019-10-16,28.116157619086632,NA,NA
2019-10-17,28.305018083625065,NA,NA
2019-10-18,28.510104519476084,NA,NA
2019-10-19,28.68656112879604,NA,NA
2019-10-20,28.814505170513957,NA,NA
2019-10-21,28.867471139073224,NA,NA
2019-10-22,28.887260502512024,NA,NA
2019-10-23,28.8270214039396,NA,NA
2019-10-24,28.66262246887999,NA,NA
2019-10-25,28.44359557221491,NA,NA
2019-10-26,28.18649681758429,NA,NA
2019-10-27,27.90334524963122,NA,NA
2019-10-28,27.597295821952244,NA,NA
2019-10-29,27.251674093191752,NA,NA
2019-10-30,26.902631708258063,NA,NA
2019-10-31,26.607987031078167,NA,NA
2019-11-01,26.34500623568533,NA,NA
2019-11-02,26.146585468491963,NA,NA
2019-11-03,26.00586581806409,NA,NA
2019-11-04,25.98723679410787,NA,NA
2019-11-05,26.022223223765685,NA,NA
2019-11-06,26.147705726928464,NA,NA
2019-11-07,26.28081458534343,NA,NA
2019-11-08,26.575529196827596,NA,NA
2019-11-09,26.870776823393992,NA,NA
2019-11-10,27.16108569723318,NA,NA
2019-11-11,27.45402581206591,NA,NA
2019-11-12,27.78270896717517,NA,NA
2019-11-13,28.03188486044629,NA,NA
2019-11-14,28.31161892141098,NA,NA
2019-11-15,28.357332351963656,NA,NA
2019-11-16,28.373485892726883,NA,NA
2019-11-17,28.367429332936847,NA,NA
2019-11-18,28.289172521426188,NA,NA
2019-11-19,28.15812177199748,NA,NA
2019-11-20,28.047758114147058,NA,NA
2019-11-21,27.89060637176561,NA,NA
2019-11-22,27.804089195308016,NA,NA
2019-11-23,27.71810687163973,NA,NA
2019-11-24,27.652457034475706,NA,NA
2019-11-25,27.814722019645668,NA,NA
2019-11-26,28.09521083352582,NA,NA
2019-11-27,28.321906744988585,NA,NA
2019-11-28,28.587576329004083,NA,NA
2019-11-29,28.87876845668983,NA,NA
2019-11-30,29.19449935941393,NA,NA
2019-12-01,29.544203404460482,NA,NA
2019-12-02,29.534852275709422,NA,NA
2019-12-03,29.354905581720768,NA,NA
2019-12-04,29.275688234728097,NA,NA
2019-12-05,29.1464908699566,NA,NA
2019-12-06,29.006769237924974,NA,NA
2019-12-07,28.838654216253136,NA,NA
2019-12-08,28.59815332055857,NA,NA
2019-12-09,28.525507673078934,NA,NA
2019-12-10,28.539484788796173,NA,NA
2019-12-11,28.46667201334961,NA,NA
2019-12-12,28.40796723211169,NA,NA
2019-12-13,28.354489703123278,NA,NA
2019-12-14,28.306586852954148,NA,NA
2019-12-15,28.278574627777566,NA,NA
2019-12-16,28.22862775295628,NA,NA
2019-12-17,28.17911241866614,NA,NA
2019-12-18,28.199899544483287,NA,NA
2019-12-19,28.173235225444433,NA,NA
2019-12-20,28.15404891253499,NA,NA
2019-12-21,28.174264617126287,NA,NA
2019-12-22,28.44475289890963,NA,NA
2019-12-23,28.798949423956557,NA,NA
2019-12-24,29.167765329318364,NA,NA
2019-12-25,29.49596902726183,NA,NA
2019-12-26,29.867815860068614,NA,NA
2019-12-27,30.202746488778654,NA,NA
2019-12-28,30.451628416397327,NA,NA
2019-12-29,30.343783303664413,NA,NA
2019-12-30,30.135044334733838,NA,NA
2019-12-31,29.862671165675614,NA,NA
2020-01-01,29.57453420984251,NA,NA
2020-01-02,29.37456154174921,NA,NA
2020-01-03,29.178327723099905,NA,NA
2020-01-04,28.995040875573242,NA,NA
2020-01-05,28.723093866997996,NA,NA
2020-01-06,28.36825910311306,NA,NA
2020-01-07,27.970122961760378,NA,NA
2020-01-08,27.584061874121087,NA,NA
2020-01-09,27.05938414017925,NA,NA
2020-01-10,26.680810675091685,NA,NA
2020-01-11,26.56418688544742,NA,NA
2020-01-12,26.747449431510177,NA,NA
2020-01-13,27.008518586394224,NA,NA
2020-01-14,27.31382956295414,NA,NA
2020-01-15,27.567866187552255,NA,NA
2020-01-16,27.808073878051466,NA,NA
2020-01-17,27.823355857654388,NA,NA
2020-01-18,27.324120005613562,NA,NA
2020-01-19,26.579503396383576,NA,NA
2020-01-20,25.86913005379673,NA,NA
2020-01-21,25.18611026179555,NA,NA
2020-01-22,24.535741723250258,NA,0
2020-01-23,23.981490659476126,NA,0
2020-01-24,23.444338311208725,NA,0
2020-01-25,23.19148705434366,NA,0
2020-01-26,23.08688410719743,NA,0
2020-01-27,22.946305245522673,NA,0
2020-01-28,22.78614602013367,NA,2.78
2020-01-29,22.736763230870842,NA,2.78
2020-01-30,22.749348850404488,NA,2.78
2020-01-31,22.910773270615866,NA,2.78
2020-02-01,23.161889442373827,NA,2.78
2020-02-02,23.48903787610737,NA,2.78
2020-02-03,23.917570040166524,NA,2.78
2020-02-04,24.457458207034822,NA,2.78
2020-02-05,24.896163706644764,NA,2.78
2020-02-06,25.188897577789884,NA,2.78
2020-02-07,25.368918729933398,NA,2.78
2020-02-08,25.44964714222807,NA,2.78
2020-02-09,25.405359911087004,NA,2.78
2020-02-10,25.31833874553915,NA,2.78
2020-02-11,25.081984430937048,NA,8.33
2020-02-12,24.84764201141503,NA,8.33
2020-02-13,24.62721900359141,NA,8.33
2020-02-14,24.494574605423217,NA,8.33
2020-02-15,24.35017836340416,NA,8.33
2020-02-16,24.276233000519056,NA,8.33
2020-02-17,24.115782770563033,NA,8.33
2020-02-18,24.063176048263607,NA,8.33
2020-02-19,23.983974078385714,NA,8.33
2020-02-20,24.009325786474452,NA,8.33
2020-02-21,23.904147681288226,NA,8.33
2020-02-22,24.013110183920972,NA,8.33
2020-02-23,24.031917506352112,NA,8.33
2020-02-24,24.089378112734735,NA,8.33
2020-02-25,24.05419538473475,NA,8.33
2020-02-26,24.070095352821628,NA,8.33
2020-02-27,25.182827515472813,NA,8.33
2020-02-28,25.806818019751223,NA,8.33
2020-02-29,26.216912663174107,NA,13.89
2020-03-01,26.65784985780738,NA,13.89
2020-03-02,27.270634451241207,NA,13.89
2020-03-03,28.095403344664273,NA,13.89
2020-03-04,29.419,NA,20.37
2020-03-05,29.974,NA,20.37
2020-03-06,30.318142857142856,NA,20.37
2020-03-07,30.700142857142858,NA,20.37
2020-03-08,31.076714285714285,NA,20.37
2020-03-09,31.463285714285714,NA,20.37
2020-03-10,31.960428571428572,NA,20.37
2020-03-11,32.389,NA,30.09
2020-03-12,32.919285714285714,NA,30.09
2020-03-13,33.623285714285714,NA,33.8
2020-03-14,34.683,NA,33.8
2020-03-15,35.83657142857143,NA,33.8
2020-03-16,36.880714285714284,NA,57.41
2020-03-17,37.52814285714286,NA,64.81
2020-03-18,38.47771428571429,NA,64.81
2020-03-19,39.68557142857143,NA,64.81
2020-03-20,40.942,NA,64.81
2020-03-21,42.07314285714286,NA,64.81
2020-03-22,43.266714285714286,NA,64.81
2020-03-23,44.83985714285715,NA,79.63
2020-03-24,46.43828571428572,NA,79.63
2020-03-25,47.823,NA,79.63
2020-03-26,48.59914285714286,NA,79.63
2020-03-27,49.478,NA,79.63
2020-03-28,49.83942857142857,NA,79.63
2020-03-29,49.805571428571426,NA,79.63
2020-03-30,49.48442857142857,NA,79.63
2020-03-31,49.15271428571429,NA,79.63
2020-04-01,48.58914285714286,NA,79.63
2020-04-02,48.42457142857143,NA,79.63
2020-04-03,47.80614285714286,NA,79.63
2020-04-04,47.54314285714286,NA,79.63
2020-04-05,47.33457142857143,NA,79.63
2020-04-06,46.95514285714286,NA,79.63
2020-04-07,46.529714285714284,NA,79.63
2020-04-08,46.354,NA,79.63
2020-04-09,45.99514285714286,NA,79.63
2020-04-10,45.904,NA,79.63
2020-04-11,45.64571428571429,NA,79.63
2020-04-12,45.48014285714286,NA,79.63
2020-04-13,45.254714285714286,NA,79.63
2020-04-14,45.14514285714286,NA,79.63
2020-04-15,45.307142857142864,NA,79.63
2020-04-16,45.088,NA,79.63
2020-04-17,44.84142857142857,NA,79.63
2020-04-18,45.02671428571429,NA,79.63
2020-04-19,45.731,NA,79.63
2020-04-20,46.22157142857143,NA,79.63
2020-04-21,46.37471428571429,NA,79.63
2020-04-22,46.075428571428574,NA,79.63
2020-04-23,46.12057142857143,NA,79.63
2020-04-24,46.233000000000004,NA,79.63
2020-04-25,45.94571428571429,NA,79.63
2020-04-26,45.15828571428572,NA,79.63
2020-04-27,44.70542857142857,NA,79.63
2020-04-28,44.21714285714286,NA,79.63
2020-04-29,44.315428571428576,NA,79.63
2020-04-30,44.09242857142857,NA,79.63
2020-05-01,43.82457142857143,NA,79.63
2020-05-02,43.40557142857143,NA,79.63
2020-05-03,43.33942857142857,NA,79.63
2020-05-04,42.92185714285714,NA,74.54
2020-05-05,42.643142857142855,NA,74.54
2020-05-06,41.568714285714286,NA,74.54
2020-05-07,40.773,NA,74.54
2020-05-08,40.65085714285714,NA,74.54
2020-05-09,40.90271428571429,NA,74.54
2020-05-10,40.75628571428572,NA,74.54
2020-05-11,40.851285714285716,NA,74.54
2020-05-12,40.87385714285715,NA,74.54
2020-05-13,41.53957142857143,NA,74.54
2020-05-14,42.09971428571429,NA,74.54
2020-05-15,41.97114285714286,NA,74.54
2020-05-16,41.69985714285715,NA,74.54
2020-05-17,41.74442857142857,NA,74.54
2020-05-18,41.902571428571434,NA,74.54
2020-05-19,41.97428571428572,NA,74.54
2020-05-20,41.50757142857143,NA,74.54
2020-05-21,41.02857142857143,NA,74.54
2020-05-22,41.917,NA,74.54
2020-05-23,41.832,NA,74.54
2020-05-24,41.30171428571429,NA,74.54
2020-05-25,40.726,NA,74.54
2020-05-26,40.401,NA,74.54
2020-05-27,41.04571428571429,NA,74.54
2020-05-28,41.69228571428572,NA,74.54
2020-05-29,40.61271428571429,NA,74.54
2020-05-30,40.59014285714286,NA,74.54
2020-05-31,40.63471428571429,NA,74.54
2020-06-01,40.66614285714286,NA,67.13
2020-06-02,40.68757142857143,82.58233287506393,67.13
2020-06-03,39.78971428571429,83.15392772863171,67.13
2020-06-04,39.228857142857144,82.60542614386068,67.13
2020-06-05,39.065000000000005,83.07161261845053,64.35
2020-06-06,39.123714285714286,82.60542614386068,64.35
2020-06-07,38.993428571428574,83.1539277286317,64.35
2020-06-08,38.87242857142857,82.58233287506391,64.35
2020-06-09,38.943714285714286,82.45496364159943,64.35
2020-06-10,38.88071428571429,81.71916517555216,64.35
2020-06-11,38.578,83.05835918097154,64.35
2020-06-12,38.64828571428571,83.3535541820489,64.35
2020-06-13,38.19157142857143,84.40797595075637,64.35
2020-06-14,37.946000000000005,85.66862006854336,64.35
2020-06-15,37.59357142857143,86.25191051287342,64.35
2020-06-16,37.077714285714286,86.05542359871977,64.35
2020-06-17,36.797714285714285,86.78261102541458,64.35
2020-06-18,36.49171428571429,85.79939794712928,64.35
2020-06-19,36.063857142857145,85.8029479947322,64.35
2020-06-20,35.851571428571425,85.59886636207914,62.5
2020-06-21,35.851571428571425,83.53236143843135,62.5
2020-06-22,35.883,82.77692204553409,62.5
2020-06-23,35.875,82.0938009651601,62.5
2020-06-24,36.14042857142857,81.32596907993077,62.5
2020-06-25,36.46457142857143,81.26011715776654,62.5
2020-06-26,36.525,81.39554577855408,62.5
2020-06-27,36.65342857142857,82.32212330611682,62.5
2020-06-28,36.689,83.35997434396785,62.5
2020-06-29,36.650285714285715,84.8681435940726,62.5
2020-06-30,36.77,86.34618462101308,62.5
2020-07-01,36.544285714285714,88.08583380459034,62.5
2020-07-02,36.15271428571429,88.78762261728141,62.5
2020-07-03,36.156285714285715,89.30449603331448,62.5
2020-07-04,36.17342857142857,88.74763160838408,62.5
2020-07-05,36.14942857142857,88.96157225710735,62.5
2020-07-06,36.259,88.88088371488035,62.5
2020-07-07,36.166428571428575,89.65375242830106,62.5
2020-07-08,36.013,89.11453535450902,62.5
2020-07-09,36.288000000000004,89.6258381614445,62.5
2020-07-10,36.21714285714286,89.7718326322922,62.5
2020-07-11,36.011714285714284,89.90470862499949,62.5
2020-07-12,35.808142857142855,90.82668067468893,62.5
2020-07-13,35.675,91.44448642069979,62.5
2020-07-14,35.880857142857145,90.17085740657862,62.5
2020-07-15,35.75257142857143,90.92451680984084,62.5
2020-07-16,35.46371428571429,91.50873502323839,62.5
2020-07-17,35.486,92.47680936832286,62.5
2020-07-18,35.459857142857146,93.3457366214581,62.5
2020-07-19,35.641714285714286,92.92410963733113,62.5
2020-07-20,35.75342857142857,92.76462898139657,62.5
2020-07-21,35.633857142857146,93.52469236968959,62.5
2020-07-22,35.64328571428572,93.27380689153141,62.5
2020-07-23,35.7,92.53425441559376,62.5
2020-07-24,35.69271428571429,92.26242725822976,62.5
2020-07-25,35.70314285714286,92.59159118186373,62.5
2020-07-26,35.611714285714285,93.44193131791815,62.5
2020-07-27,35.52142857142857,92.88279924695841,62.5
2020-07-28,35.336285714285715,92.99061918765744,62.5
2020-07-29,35.33957142857143,93.16841757974156,62.5
2020-07-30,35.23571428571429,94.15352282224036,62.5
2020-07-31,35.168285714285716,94.10731053113011,62.5
2020-08-01,35.060428571428574,92.7391228066021,65.28
2020-08-02,35.018857142857144,92.80681157365122,65.28
2020-08-03,35.181714285714285,93.19419876606794,65.28
2020-08-04,35.275,93.51586258416944,65.28
2020-08-05,35.48242857142857,93.52099102135365,65.28
2020-08-06,35.50957142857143,93.38485264992116,65.28
2020-08-07,35.50214285714286,93.47440273947124,65.28
2020-08-08,35.60514285714286,95.41676508797728,65.28
2020-08-09,35.64628571428572,94.89556158169916,65.28
2020-08-10,35.44014285714286,94.98140716065184,65.28
2020-08-11,35.378142857142855,94.0576784960594,65.28
2020-08-12,35.119142857142855,93.94305767772008,65.28
2020-08-13,35.13728571428572,93.73117805407574,65.28
2020-08-14,35.228857142857144,93.59776938408169,65.28
2020-08-15,35.227000000000004,92.07999151235295,65.28
2020-08-16,35.173857142857145,92.07999151235295,65.28
2020-08-17,35.19314285714286,92.4531582224111,65.28
2020-08-18,35.366142857142854,93.32504271576964,65.28
2020-08-19,35.395714285714284,93.43966353410899,65.28
2020-08-20,35.366,93.51389612569635,65.28
2020-08-21,35.26728571428571,93.62856996682898,65.28
2020-08-22,35.199285714285715,93.89190110573615,65.28
2020-08-23,35.14071428571429,93.55612576996081,65.28
2020-08-24,35.005,93.70398520718854,65.28
2020-08-25,34.708571428571425,93.98100471987685,65.28
2020-08-26,34.71814285714286,94.4003602236601,65.28
2020-08-27,34.69,94.22165693936675,65.28
2020-08-28,34.741285714285716,93.8711213989578,65.28
2020-08-29,34.64742857142857,94.32463613818683,65.28
2020-08-30,34.577714285714286,94.62433643788714,65.28
2020-08-31,34.54228571428572,94.16047786885905,65.28
2020-09-01,34.50757142857143,93.53956283617931,65.28
2020-09-02,34.45114285714286,92.21672912468163,65.28
2020-09-03,34.30685714285715,92.12021546884594,65.28
2020-09-04,34.61657142857143,92.37012684778958,65.28
2020-09-05,34.718857142857146,91.7017893373468,65.28
2020-09-06,34.879000000000005,92.02646466202214,65.28
2020-09-07,35.026714285714284,91.99295872233282,65.28
2020-09-08,35.39071428571429,91.90351700505184,65.28
2020-09-09,36.10371428571429,91.5581689,65.28
2020-09-10,37.03285714285715,92.5865857,65.28
2020-09-11,37.09242857142857,93.4575628,65.28
2020-09-12,37.48585714285714,93.6338181,65.28
2020-09-13,37.74214285714286,93.7507602,65.28
2020-09-14,37.980285714285714,93.9220063,65.28
2020-09-15,38.07357142857143,93.5793787,65.28
2020-09-16,37.570142857142855,94.1793339,65.28
2020-09-17,36.948,94.020507,65.28
2020-09-18,36.633,93.5341738,65.28
2020-09-19,36.308571428571426,93.1175666,65.28
2020-09-20,36.47428571428571,92.5782467,65.28
2020-09-21,36.524142857142856,92.3485642,65.28
2020-09-22,36.51757142857143,93.2971711,65.28
2020-09-23,36.53328571428572,93.4855249,65.28
2020-09-24,36.52128571428572,93.0432032,65.28
2020-09-25,36.48885714285714,93.1677557,65.28
2020-09-26,36.53657142857143,93.2672536,65.28
2020-09-27,36.14142857142857,93.8161741,65.28
2020-09-28,35.835,93.214254,65.28
2020-09-29,35.51971428571429,93.1462518,65.28
2020-09-30,35.391571428571424,92.7052348,65.28
2020-10-01,35.62885714285714,93.0649514,65.28
2020-10-02,35.68785714285714,93.1331323,65.28
2020-10-03,35.693714285714286,93.710545,65.28
2020-10-04,35.74014285714286,93.822477,65.28
2020-10-05,35.88514285714286,94.5637837,65.28
2020-10-06,35.929857142857145,94.2770278,65.28
2020-10-07,36.17657142857143,94.6993449,65.28
2020-10-08,36.49028571428572,94.5685672,65.28
2020-10-09,36.606,95.0030818,65.28
2020-10-10,36.77585714285714,94.426444,65.28
2020-10-11,36.78142857142857,94.4048416,65.28
2020-10-12,36.72042857142857,93.6669419,65.28
2020-10-13,36.85914285714286,94.3506388,65.28
2020-10-14,36.692,94.44869,65.28
2020-10-15,36.430571428571426,94.6948544,65.28
2020-10-16,36.56428571428571,93.746087,65.28
2020-10-17,36.428714285714285,94.48693,65.28
2020-10-18,36.57742857142857,94.8300818,65.28
2020-10-19,36.68185714285714,94.7749495,65.28
2020-10-20,36.889857142857146,94.6062006,65.28
2020-10-21,36.941,94.2155142,65.28
2020-10-22,36.82628571428572,94.606269,65.28
2020-10-23,36.730285714285714,95.7040384,65.28
2020-10-24,36.809285714285714,95.7139478,65.28
2020-10-25,36.67328571428571,95.5254061,65.28
2020-10-26,36.66014285714286,97.0889329,65.28
2020-10-27,36.33271428571429,95.3564033,65.28
2020-10-28,36.024,95.7621364,65.28
2020-10-29,35.85442857142857,95.5313669,65.28
2020-10-30,35.71828571428571,94.5846785,65.28
2020-10-31,36.00485714285714,94.3099956,65.28
2020-11-01,36.29828571428571,94.4158728,65.28
2020-11-02,36.67442857142857,93.2452256,65.28
2020-11-03,36.90971428571429,94.6305279,65.28
2020-11-04,37.39157142857143,93.2460192,65.28
2020-11-05,37.65542857142857,93.3806037,65.28
2020-11-06,37.97557142857143,94.4596394,65.28
2020-11-07,37.963857142857144,93.1946882,65.28
2020-11-08,37.86457142857143,92.1045177,65.28
2020-11-09,37.70357142857143,93.2324655,65.28
2020-11-10,37.76771428571429,93.0192281,65.28
2020-11-11,37.95328571428571,94.1703081,65.28
2020-11-12,38.227714285714285,93.9501159,65.28
2020-11-13,38.44,93.6544795,65.28
2020-11-14,38.595285714285716,94.8836999,65.28
2020-11-15,39.02314285714286,95.789464,65.28
2020-11-16,39.28042857142857,95.0763287,67.13
2020-11-17,39.496,95.4902431,71.3
2020-11-18,39.48714285714286,95.3702376,71.3
2020-11-19,39.87771428571429,95.8076509,71.3
2020-11-20,39.79528571428572,95.5149281,71.3
2020-11-21,39.675285714285714,95.1833415,71.3
2020-11-22,39.14528571428571,95.2383187,71.3
2020-11-23,40.21757142857143,95.803603,71.3
2020-11-24,40.53257142857143,95.5460644,71.3
2020-11-25,41.007428571428576,95.9352461,71.3
2020-11-26,40.86357142857143,95.8360827,71.3
2020-11-27,40.86528571428572,95.7671421,71.3
2020-11-28,40.779428571428575,96.3646455,71.3
2020-11-29,41.02257142857143,96.5827023,71.3
2020-11-30,39.84685714285715,96.3337793,71.3
2020-12-01,39.32328571428572,96.5783526,71.3
2020-12-02,38.71785714285714,95.4887022,71.3
2020-12-03,38.62357142857143,94.8059483,71.3
2020-12-04,38.632285714285715,95.3064733,71.3
2020-12-05,38.97857142857143,95.1390619,71.3
2020-12-06,39.10657142857143,94.9339848,71.3
2020-12-07,39.18085714285714,94.8501243,71.3
2020-12-08,39.32814285714286,94.9383091,71.3
2020-12-09,39.45442857142857,96.0703213,71.3
2020-12-10,39.750142857142855,96.9077228,71.3
2020-12-11,39.73157142857143,96.8547886,71.3
2020-12-12,39.586,97.2339525,71.3
2020-12-13,39.608428571428576,97.1435827,71.3
2020-12-14,39.47642857142857,97.0100727,71.3
2020-12-15,39.443,96.8368619,71.3
2020-12-16,39.53185714285714,96.9215972,71.3
2020-12-17,39.126285714285714,96.7609984,71.3
2020-12-18,39.13257142857143,97.1362672,71.3
2020-12-19,38.697,97.0347284,71.3
2020-12-20,38.142428571428574,97.0305019,71.3
2020-12-21,37.89642857142857,97.8736308,71.3
2020-12-22,39.911571428571435,97.7245182,71.3
2020-12-23,40.406000000000006,97.4636409,71.3
2020-12-24,40.887,97.4276961,71.3
2020-12-25,40.72671428571429,97.2311012,71.3
2020-12-26,41.12371428571429,96.6922676,71.3
2020-12-27,41.67485714285715,96.6607543,71.3
2020-12-28,41.70414285714286,96.4051799,71.3
2020-12-29,41.09471428571429,96.7262166,71.3
2020-12-30,41.32085714285714,96.8681259,71.3
2020-12-31,41.357285714285716,96.9755003,71.3
2021-01-01,41.66814285714286,97.1067126,71.3
2021-01-02,41.840428571428575,97.822009,71.3
2021-01-03,41.792142857142856,97.640368,71.3
2021-01-04,42.142857142857146,97.5609693,71.3
2021-01-05,41.026714285714284,97.2627273,71.3
2021-01-06,40.46585714285714,97.2657262,71.3
2021-01-07,40.08185714285714,96.7311027,71.3
2021-01-08,40.23242857142857,96.4872596,71.3
2021-01-09,40.25628571428572,96.3568578,71.3
2021-01-10,39.911857142857144,96.669559,71.3
2021-01-11,39.66057142857143,96.3885593,71.3
2021-01-12,39.274857142857144,96.7440533,71.3
2021-01-13,39.04642857142857,96.7984509,71.3
2021-01-14,38.872142857142855,97.1531645,71.3
2021-01-15,38.44571428571429,97.1106006,71.3
2021-01-16,38.05571428571429,97.2168689,71.3
2021-01-17,38.318714285714286,97.0819619,71.3
2021-01-18,38.54685714285714,97.3302171,71.3
2021-01-19,38.48271428571429,96.9322758,71.3
2021-01-20,38.326,96.608551,71.3
2021-01-21,38.71071428571429,96.5744642,71.3
2021-01-22,38.79657142857143,96.727903800000007,71.3
2021-01-23,38.959428571428575,96.535419,71.3
2021-01-24,38.96957142857143,97.017767,71.3
2021-01-25,38.92442857142857,97.3426979,71.3
2021-01-26,38.97114285714286,97.5213517,71.3
2021-01-27,39.06957142857143,97.6654401,71.3
2021-01-28,38.77,97.656469,71.3
2021-01-29,38.75414285714286,97.3972018,71.3
2021-01-30,38.731,96.9454844,71.3
2021-01-31,38.47571428571429,96.3428181,71.3
2021-02-01,38.46828571428571,96.3526032,68.52
2021-02-02,38.37157142857143,96.4871109,68.52
2021-02-03,38.30314285714286,96.5838689,68.52
2021-02-04,38.00328571428572,96.9892932,68.52
2021-02-05,37.78457142857143,96.7416642,68.52
2021-02-06,37.537571428571425,97.0658939,68.52
2021-02-07,37.44314285714286,96.9039851,68.52
2021-02-08,37.33757142857143,95.6692124,68.52
2021-02-09,37.738,95.2455807,68.52
2021-02-10,40.356,95.0155834,68.52
2021-02-11,42.983714285714285,96.3741874,68.52
2021-02-12,44.366142857142854,96.6263901,68.52
2021-02-13,44.57714285714286,95.8491381,68.52
2021-02-14,44.71714285714286,96.1129423,68.52
2021-02-15,44.78114285714286,96.2830623,68.52
2021-02-16,44.41585714285714,96.282627,68.52
2021-02-17,41.562285714285714,96.7914532,68.52
2021-02-18,39.07642857142857,96.4374989,68.52
2021-02-19,37.89471428571429,95.8412153,68.52
2021-02-20,37.812285714285714,96.5878199,68.52
2021-02-21,37.75785714285715,96.5445373,68.52
2021-02-22,37.63614285714286,96.0438164,68.52
2021-02-23,37.58914285714286,96.0476422,68.52
2021-02-24,37.52271428571429,96.3175833,68.52
2021-02-25,37.26114285714286,95.9607569,68.52
2021-02-26,36.85142857142858,96.4837514,68.52
2021-02-27,36.67485714285714,96.4219111,68.52
2021-02-28,36.41842857142857,96.7427497,68.52
2021-03-01,36.33428571428571,97.3426189,63.89
2021-03-02,36.38442857142857,97.0419679,63.89
2021-03-03,36.380428571428574,96.4603767,63.89
2021-03-04,36.49585714285714,96.5339933,63.89
2021-03-05,36.589285714285715,96.3551721,63.89
2021-03-06,36.533142857142856,96.577964,63.89
2021-03-07,36.51657142857143,96.3549213,63.89
2021-03-08,36.21142857142857,96.3357614,63.89
2021-03-09,35.83314285714286,96.0024093,63.89
2021-03-10,35.60114285714286,96.3718628,63.89
2021-03-11,35.677285714285716,96.4337756,63.89
2021-03-12,35.643857142857144,96.8219812,63.89
2021-03-13,35.35885714285715,96.5745044,63.89
2021-03-14,35.24557142857143,96.3139669,63.89
2021-03-15,35.40671428571429,95.7803731,63.89
2021-03-16,35.52357142857143,96.8185712,63.89
2021-03-17,35.66957142857143,96.6192543,63.89
2021-03-18,35.504714285714286,96.7892929,63.89
2021-03-19,35.41842857142857,96.746922,63.89
2021-03-20,35.44728571428572,96.7810327,63.89
2021-03-21,35.74457142857143,96.6262564,63.89
2021-03-22,35.612857142857145,96.7799759,63.89
2021-03-23,35.48271428571429,96.2759628,63.89
2021-03-24,35.303714285714285,96.5447224,63.89
2021-03-25,35.36371428571429,96.6551545,63.89
2021-03-26,35.245285714285714,96.1262595,63.89
2021-03-27,35.13514285714286,96.0253261,63.89
2021-03-28,34.756,96.2869565,63.89
2021-03-29,34.481142857142856,96.2605844,63.89
2021-03-30,34.281,96.3890653,63.89
2021-03-31,34.19014285714286,96.1452131,63.89
2021-04-01,33.82985714285714,96.2654517,63.89
2021-04-02,33.645857142857146,96.752682,62.84
2021-04-03,33.585142857142856,96.5339188,62.81
2021-04-04,33.83871428571429,95.9615493,62.77
2021-04-05,33.98314285714286,96.1239376,62.74
2021-04-06,34.234857142857145,96.4819497,62.73
2021-04-07,34.44357142857143,96.3053808,62.71
2021-04-08,34.21942857142857,96.3702621,62.69
2021-04-09,34.29271428571429,96.2173748,62.66
2021-04-10,34.361,96.051844,62.62
2021-04-11,34.07671428571429,95.8064695,62.59
2021-04-12,33.86514285714286,95.7568079,62.55
2021-04-13,33.59128571428572,95.4107695,62.53
2021-04-14,33.25014285714286,95.5001334,62.51
2021-04-15,33.079142857142855,95.1805276,62.48
2021-04-16,32.92542857142857,94.399303,62.45
2021-04-17,32.784285714285716,95.0444957,62.42
2021-04-18,32.718,95.6902161,62.39
2021-04-19,32.815,95.7487252,62.36
2021-04-20,32.912,95.8751032,62.35
2021-04-21,33.524142857142856,95.6606524,62.33
2021-04-22,33.94571428571429,95.7673132,62.31
2021-04-23,34.07942857142857,96.0538886,62.28
2021-04-24,34.19985714285714,95.8696426,62.25
2021-04-25,34.364285714285714,95.6932027,62.22
2021-04-26,34.304857142857145,95.5042631,62.19
2021-04-27,34.312428571428576,95.2161145,62.18
2021-04-28,33.92957142857143,94.6581398,62.16
2021-04-29,33.622,94.1578856,62.13
2021-04-30,33.687714285714286,94.0305892,62.1
2021-05-01,33.63242857142857,93.8877127,62.07
2021-05-02,33.5,93.0710856,62.04
2021-05-03,33.62014285714286,93.6165203,62.02
2021-05-04,33.677142857142854,93.2330748,62.01
2021-05-05,33.56885714285714,93.6154007,61.99
2021-05-06,33.34214285714286,93.69512,61.97
2021-05-07,33.091857142857144,93.1878962,61.94
2021-05-08,33.039857142857144,93.2333115,61.91
2021-05-09,33.10142857142857,94.1026165,61.87
2021-05-10,32.956428571428575,93.4956577,61.83
2021-05-11,32.75742857142857,93.2392405,61.81
2021-05-12,32.674571428571426,92.9153943,61.79
2021-05-13,32.67342857142857,92.3781387,61.76
2021-05-14,32.78057142857143,93.2265842,61.73
2021-05-15,32.90242857142857,92.2483755,61.7
2021-05-16,32.97757142857143,92.0565353,61.66
2021-05-17,33.101,91.7635818,61.63
2021-05-18,33.17942857142857,91.1895489,58.84
2021-05-19,33.300000000000004,91.0506597,58.82
2021-05-20,33.627428571428574,90.873965,58.79
2021-05-21,33.810428571428574,90.0507883,58.76
2021-05-22,33.777857142857144,89.8093336,55.02
2021-05-23,33.726285714285716,89.4024342,54.99
2021-05-24,33.79071428571429,88.8850113,49.4
2021-05-25,33.72228571428572,87.3290297,49.39
2021-05-26,33.50328571428572,85.9558794,49.38
2021-05-27,33.11042857142857,85.8434412,49.35
2021-05-28,33.19085714285714,85.3285776,49.35
2021-05-29,32.974428571428575,84.8472437,49.3
2021-05-30,32.801,83.369976,49.28
2021-05-31,32.48871428571429,82.2996422,49.28
2021-06-01,32.43185714285715,82.2778844,49.26
2021-06-02,32.51971428571429,82.3295111,49.25
2021-06-03,32.98442857142857,81.6744498,49.23
2021-06-04,32.68957142857143,81.411016,49.21
2021-06-05,32.69128571428572,81.5402141,49.21
2021-06-06,32.64714285714286,81.4858912,49.17
2021-06-07,32.65271428571429,82.4950779,49.15
2021-06-08,32.829,82.541634,49.13
2021-06-09,32.70514285714286,82.4763265,49.13
2021-06-10,32.69985714285714,82.478137,49.12
2021-06-11,32.8,81.5557545,49.1
2021-06-12,32.816,80.1869896,49.07
2021-06-13,32.74671428571429,79.725022,49.06
2021-06-14,32.62014285714286,79.0911354,49.04
2021-06-15,32.22971428571429,79.5205527,49.02
2021-06-16,32.07157142857143,78.1079634,49.02
2021-06-17,31.341428571428573,76.9464123,48.97
2021-06-18,31.026857142857146,77.1031751,48.95
2021-06-19,30.944857142857146,75.8146284,48.94
2021-06-20,30.920285714285715,74.0041798,48.92
2021-06-21,30.973285714285716,70.975526,48.91
2021-06-22,31.09714285714286,69.2464042,48.91
2021-06-23,31.333857142857145,69.0929168,48.9
2021-06-24,31.69914285714286,69.6427446,48.89
2021-06-25,32.03114285714286,67.7929148,48.88
2021-06-26,32.14942857142857,67.4382694,48.87
2021-06-27,32.19157142857143,68.2519109,48.85
2021-06-28,32.14028571428572,68.6257284,48.84
2021-06-29,32.094,70.1182614,48.83
2021-06-30,31.90314285714286,69.0123385,31.15
2021-07-01,31.635428571428573,66.4020016,31.12
2021-07-02,31.522285714285715,66.4763888,31.1
2021-07-03,31.423857142857145,65.0929789,31.07
2021-07-04,31.40642857142857,63.31171,31.04
2021-07-05,31.457571428571427,63.2408448,31.04
2021-07-06,31.455142857142857,60.2990305,31.02
2021-07-07,31.403714285714283,58.4452439,30.99
2021-07-08,31.425285714285714,57.6433331,30.97
2021-07-09,31.174,55.4311011,30.94
2021-07-10,31.088714285714286,55.6084535,30.92
2021-07-11,31.034,54.5116596,30.9
2021-07-12,30.96257142857143,53.5751926,30.88
2021-07-13,30.983857142857143,52.9301131,30.87
2021-07-14,31.064285714285717,52.6622058,30.85
2021-07-15,31.067857142857143,53.0128847,30.84
2021-07-16,31.07042857142857,52.6225646,30.82
2021-07-17,31.13714285714286,51.5777882,30.8
2021-07-18,31.22714285714286,50.1390296,30.78
2021-07-19,31.323857142857143,48.955685,30.78
2021-07-20,31.380285714285716,47.9991444,30.76
2021-07-21,31.43914285714286,49.8634611,30.75
2021-07-22,31.532857142857143,48.0331585,30.73
2021-07-23,31.626,47.782269,30.71
2021-07-24,31.708285714285715,49.0744243,30.7
2021-07-25,31.694,51.0294717,30.68
2021-07-26,31.685714285714287,50.6095624,30.67
2021-07-27,31.684285714285714,51.1265659,30.66
2021-07-28,31.706142857142858,50.4683515,30.65
2021-07-29,31.760714285714286,51.0345752,30.64
2021-07-30,31.69142857142857,52.5038584,30.62
2021-07-31,31.51814285714286,53.6035108,30.6
2021-08-01,31.468714285714288,55.5994149,30.59
2021-08-02,31.380857142857145,57.1100103,30.58
2021-08-03,31.40657142857143,57.0486757,30.57
2021-08-04,31.491285714285716,58.3908217,30.56
2021-08-05,31.5,60.7961524,30.54
2021-08-06,31.526714285714288,59.7391236,30.52
2021-08-07,31.614714285714285,60.5479046,30.51
2021-08-08,31.56357142857143,60.6402251,30.49
2021-08-09,31.668285714285716,62.9091958,30.48
2021-08-10,31.749285714285715,65.5736336,30.48
2021-08-11,31.699428571428573,65.1692732,30.47
2021-08-12,31.659285714285716,64.7599502,30.45
2021-08-13,31.767714285714288,68.0149764,30.43
2021-08-14,31.856285714285715,68.2129257,30.42
2021-08-15,31.935,68.2432383,30.4
2021-08-16,31.963428571428572,68.2253999,30.39
2021-08-17,31.878,67.5821965,30.38
2021-08-18,31.859714285714286,67.8436937,30.37
2021-08-19,32.012,68.2742524,30.35
2021-08-20,31.920571428571428,68.6671678,30.33
2021-08-21,31.822285714285716,68.9615009,30.32
2021-08-22,31.781857142857145,70.5222821,30.3
2021-08-23,31.748857142857144,71.4051433,30.3
2021-08-24,31.75057142857143,73.6950271,30.3
2021-08-25,31.658857142857144,75.8078523,30.3
2021-08-26,31.48914285714286,78.0611945,30.3
2021-08-27,31.508428571428574,78.7051947,30.3
2021-08-28,31.59914285714286,79.4826941,30.3
2021-08-29,31.52885714285714,80.9189226,30.3
2021-08-30,31.369857142857143,82.6993157,30.3
2021-08-31,31.18557142857143,83.6562818,30.3
2021-09-01,31.341714285714286,84.6989475,30.3
2021-09-02,31.379,84.8499233,30.3
2021-09-03,31.834714285714284,85.6440023,30.3
2021-09-04,31.674714285714288,85.8656971,30.3
2021-09-05,31.752285714285716,85.5607022,30.3
2021-09-06,31.844285714285714,84.9887391,30.3
2021-09-07,31.957857142857144,84.7260395,30.3
2021-09-08,31.944714285714287,85.1268841,30.3
2021-09-09,32.22085714285714,85.1036193,30.3
2021-09-10,31.69914285714286,84.9953615,30.3
2021-09-11,31.78871428571429,86.203814499999993,30.3
2021-09-12,31.78614285714286,86.4049424,30.3
2021-09-13,31.780285714285718,86.6608175,30.3
2021-09-14,31.934857142857144,87.1158275,30.3
2021-09-15,32.13928571428571,86.7774823,30.3
2021-09-16,32.191,87.4907722,30.3
2021-09-17,32.17057142857143,87.5812098,30.3
2021-09-18,32.072857142857146,87.0460227,30.3
2021-09-19,32.12942857142857,86.9360703,30.3
2021-09-20,32.15385714285714,86.9052114,30.3
2021-09-21,31.966,86.3579761,30.3
2021-09-22,31.641857142857145,86.6489475,30.3
2021-09-23,31.669285714285717,86.0641446,30.16
2021-09-24,31.869714285714288,86.4132952,30.13
2021-09-25,32.036857142857144,84.691778,30.12
2021-09-26,32.11785714285715,84.8522266,30.11
2021-09-27,32.270857142857146,85.7081292,30.11
2021-09-28,32.20185714285714,86.3945003,32.26
2021-09-29,32.258,86.1969279,32.24
2021-09-30,32.20471428571429,87.2849158,32.22
2021-10-01,32.19385714285714,87.26898,32.2
2021-10-02,32.31742857142857,87.8624908,32.18
2021-10-03,32.321285714285715,88.9279912,32.18
2021-10-04,32.17157142857143,88.9191371,32.18
2021-10-05,32.349714285714285,89.4360228,32.06
2021-10-06,32.498428571428576,89.3138464,32.03
2021-10-07,32.55871428571429,88.7082057,32.02
2021-10-08,32.55471428571428,88.0396064,31.98
2021-10-09,32.44357142857143,89.6801859,31.96
2021-10-10,32.463142857142856,89.064683,31.96
2021-10-11,32.667857142857144,87.8646942,31.96
2021-10-12,32.723285714285716,87.5456099,31.92
2021-10-13,32.66742857142857,87.7247665,31.9
2021-10-14,32.64828571428571,88.0771291,31.88
2021-10-15,32.716,88.8262047,31.85
2021-10-16,32.61871428571429,88.7868745,31.84
2021-10-17,32.64071428571429,87.3820162,31.84
2021-10-18,32.58528571428572,88.319489,31.84
2021-10-19,32.67057142857143,88.3750357,31.79
2021-10-20,32.85771428571429,88.3426884,31.78
2021-10-21,33.00228571428571,88.041154,31.76
2021-10-22,33.006571428571426,87.6882237,31.73
2021-10-23,33.149,87.4549504,31.71
2021-10-24,33.18071428571429,87.499882,31.71
2021-10-25,33.34885714285714,86.7825793,31.71
2021-10-26,33.31857142857143,85.2096533,31.67
2021-10-27,33.07742857142857,85.5473646,31.65
2021-10-28,32.608000000000004,85.1850413,31.63
2021-10-29,32.488285714285716,86.0379384,31.62
2021-10-30,32.523428571428575,85.6822316,31.6
2021-10-31,32.395857142857146,86.9441573,31.6
2021-11-01,32.32642857142857,87.4489203,31.6
2021-11-02,32.273,88.4336725,31.57
2021-11-03,32.62214285714286,88.435373,31.56
2021-11-04,33.115,89.7201625,31.54
2021-11-05,33.19342857142857,89.2872915,31.53
2021-11-06,33.221714285714285,88.347184,31.52
2021-11-07,33.19085714285714,88.2211983,31.52
2021-11-08,33.50785714285714,88.6163289,28.96
2021-11-09,33.73657142857143,89.2808849,28.91
2021-11-10,33.71071428571429,89.1414678,28.9
2021-11-11,33.90785714285715,88.6308301,28.9
2021-11-12,36.07414285714286,88.3228684,28.88
2021-11-13,36.08985714285714,89.2983679,28.86
2021-11-14,36.103,89.6097267,28.86
2021-11-15,35.762571428571434,89.2165796,28.86
2021-11-16,35.60114285714286,88.5938899,28.8
2021-11-17,35.43228571428571,88.9010787,28.79
2021-11-18,35.06057142857143,89.2975339,28.77
2021-11-19,32.858428571428576,90.1539348,28.75
2021-11-20,35.66257142857143,90.9845957,28.73
2021-11-21,35.724000000000004,90.8282837,28.73
2021-11-22,36.79142857142857,90.6386275,28.73
2021-11-23,37.239714285714285,91.3681257,28.68
2021-11-24,37.82671428571429,91.4246003,28.67
2021-11-25,38.31471428571429,90.88185,28.67
2021-11-26,38.412285714285716,91.4547041,28.67
2021-11-27,35.92771428571429,91.4371024,32.27
2021-11-28,39.33528571428572,90.7084166,32.27
2021-11-29,38.73685714285715,90.6753638,32.26
2021-11-30,38.428428571428576,90.3679834,32.21
2021-12-01,38.859857142857145,90.5020374,32.17
2021-12-02,39.129285714285714,89.4196517,32.14
2021-12-03,39.23271428571429,88.7246097,32.12
2021-12-04,38.92,88.7360655,32.09
2021-12-05,35.56971428571429,87.6721029,32.09
2021-12-06,35.018857142857144,87.5985611,32.09
2021-12-07,34.91471428571429,87.9197032,31.95
2021-12-08,34.13314285714286,88.39462,31.92
2021-12-09,33.62885714285714,88.7536994,31.89
2021-12-10,33.56628571428571,88.8298258,31.85
2021-12-11,33.55642857142857,88.2043191,31.82
2021-12-12,33.60971428571428,90.4060419,31.82
2021-12-13,33.612,90.3566581,31.82
2021-12-14,33.57685714285714,90.3425023,31.73
2021-12-15,33.647285714285715,89.1649315,31.73
2021-12-16,33.26714285714286,88.7525356,31.67
2021-12-17,33.375571428571426,88.4712512,31.65
2021-12-18,33.40828571428572,87.5924213,31.63
2021-12-19,33.492285714285714,87.2436566,31.63
2021-12-20,33.536142857142856,87.7129768,31.63
2021-12-21,33.941428571428574,88.1246866,31.59
2021-12-22,35.45928571428571,88.474726,31.57
2021-12-23,38.17614285714286,89.6170859,31.55
2021-12-24,40.722,90.1930565,31.55
2021-12-25,42.80285714285714,91.969922,31.55
2021-12-26,43.98714285714286,92.7308166,31.55
2021-12-27,46.313,92.0840813,31.52
2021-12-28,47.50971428571429,91.7489044,31.5
2021-12-29,47.649857142857144,92.3644994,31.48
2021-12-30,46.443714285714286,92.9523232,31.47
2021-12-31,44.589000000000006,93.244918,27.69
2022-01-01,43.19114285714286,93.2855968,27.69
2022-01-02,42.64857142857143,93.0577801,27.69
2022-01-03,41.19771428571429,93.9073347,27.69
2022-01-04,40.32914285714286,94.1706997,27.04
2022-01-05,39.31814285714286,94.263171,27.03
2022-01-06,38.704,93.3412255,27.01
2022-01-07,38.52842857142857,92.4917411,26.99
2022-01-08,38.59557142857143,93.1292959,26.97
2022-01-09,38.559000000000005,93.062581,26.97
2022-01-10,38.35714285714286,92.3290443,26.97
2022-01-11,38.194857142857146,91.4141483,26.93
2022-01-12,38.04114285714286,91.6022955,26.91
2022-01-13,38.14014285714286,91.9806845,26.88
2022-01-14,38.255,92.6952116,26.86
2022-01-15,38.187285714285714,91.9218372,26.84
2022-01-16,38.090714285714284,92.3127129,26.84
2022-01-17,38.01128571428571,92.9958356,26.84
2022-01-18,37.94014285714286,92.8751232,26.84
2022-01-19,37.797428571428576,92.3111619,26.63
2022-01-20,37.85971428571429,92.4472142,26.62
2022-01-21,37.61528571428572,92.414834,26.6
2022-01-22,37.332,92.0399287,26.6
2022-01-23,37.31628571428571,91.1049259,26.6
2022-01-24,37.25742857142857,90.7266166,26.6
2022-01-25,37.19314285714286,91.9056304,26.56
2022-01-26,37.114714285714285,92.5409312,26.54
2022-01-27,37.13757142857143,91.8440095,26.53
2022-01-28,36.989285714285714,92.0719786,26.52
2022-01-29,36.947428571428574,92.3612271,26.5
2022-01-30,36.83242857142857,93.0325583,26.5
2022-01-31,36.76457142857143,92.9826073,26.5
2022-02-01,36.80857142857143,93.0740877,26.46
2022-02-02,36.747,92.2953517,26.45
2022-02-03,36.202285714285715,93.0226055,26.43
2022-02-04,36.19085714285715,92.2186298,26.42
2022-02-05,36.09271428571429,92.3145262,26.4
2022-02-06,35.89742857142857,91.4101467,26.4
2022-02-07,35.764,91.7395559,26.4
2022-02-08,35.518857142857144,90.5632833,26.38
2022-02-09,35.30442857142857,91.1779091,26.36
2022-02-10,35.227,89.3324442,26.35
2022-02-11,35.09128571428571,88.8623157,26.33
2022-02-12,35.038714285714285,88.3825007,26.32
2022-02-13,34.97785714285714,88.8811155,26.32
2022-02-14,34.947428571428574,88.3233931,26.32
2022-02-15,34.99214285714286,88.1452165,26.29
2022-02-16,35.25085714285714,87.6898104,26.28
2022-02-17,35.38028571428571,89.2627689,26.16
2022-02-18,35.81257142857143,89.9861081,26.14
2022-02-19,36.064,89.6588289,26.13
2022-02-20,36.188857142857145,87.8541536,26.13
2022-02-21,36.343857142857146,86.9220963,26.13
2022-02-22,36.27314285714286,88.0492203,26.13
2022-02-23,36.242428571428576,87.4756836,26.1
2022-02-24,36.444,87.5307608,26.08
2022-02-25,36.28557142857143,86.4228492,26.07
2022-02-26,35.83528571428572,86.0637882,26.06
2022-02-27,35.744,86.8873148,26.06
2022-02-28,35.40371428571429,86.9312867,26.06
2022-03-01,35.37128571428572,86.5990826,22.08
2022-03-02,34.97414285714286,86.8005172,22.07
2022-03-03,34.47,84.629057,22.07
2022-03-04,34.068428571428576,85.6698979,22.07
2022-03-05,34.131,86.3072365,22.06
2022-03-06,33.937714285714286,87.1494107,22.06
2022-03-07,33.97414285714286,88.2868418,22.06
2022-03-08,34.06057142857143,85.5933452,22.05
2022-03-09,34.151714285714284,85.0646503,22.05
2022-03-10,34.31285714285714,86.3085707,22.04
2022-03-11,34.54385714285714,83.4823415,22.04
2022-03-12,34.599,82.90536,22.04
2022-03-13,34.57,82.010406,22.04
2022-03-14,34.51457142857143,80.8295867,22.04
2022-03-15,34.36142857142857,81.3964104,22.03
2022-03-16,34.48342857142857,79.9299811,22.03
2022-03-17,34.47828571428571,78.1324245,22.02
2022-03-18,34.393857142857144,77.1468804,22.02
2022-03-19,34.209,74.0794357,22.02
2022-03-20,34.340714285714284,70.295926,22.02
2022-03-21,34.250142857142855,67.8022356,22.02
2022-03-22,34.17971428571428,64.8879025,22.01
2022-03-23,34.05771428571428,62.6941379,22.01
2022-03-24,33.70585714285714,59.7662075,22.01
2022-03-25,33.427285714285716,58.0617889,22
2022-03-26,33.411,55.068468,22
2022-03-27,33.323,55.0213983,22
2022-03-28,33.26057142857143,53.8745005,22
2022-03-29,33.12842857142857,54.0352279,21.99
2022-03-30,33.02014285714286,53.763457,21.99
2022-03-31,33.26157142857143,55.1223089,21.99
2022-04-01,33.40157142857143,56.5713994,21.98
2022-04-02,33.48757142857143,58.3046556,21.98
2022-04-03,33.43342857142857,56.9728349,21.98
2022-04-04,33.35185714285714,54.2020659,21.98
2022-04-05,33.573142857142855,55.4193642,21.97
2022-04-06,33.73385714285715,53.9610277,21.97
2022-04-07,33.84928571428571,51.6977937,21.97
2022-04-08,33.832142857142856,50.5280433,21.96
2022-04-09,33.929,50.1215287,21.96
2022-04-10,34.04085714285714,50.6069964,21.96
2022-04-11,34.32828571428571,52.5251769,21.96
2022-04-12,34.21957142857143,50.7844443,21.95
2022-04-13,34.10485714285714,52.1884737,21.95
2022-04-14,33.63857142857143,50.1180082,21.95
2022-04-15,33.76414285714286,51.5013668,21.94
2022-04-16,33.608,50.72624,21.94
2022-04-17,33.56185714285714,51.926501,21.94
2022-04-18,33.44828571428571,51.4494815,21.94
2022-04-19,33.42671428571428,51.2570349,21.94
2022-04-20,33.260714285714286,51.1862423,21.93
2022-04-21,33.26157142857143,54.5547596,21.93
2022-04-22,33.07714285714285,53.1907172,21.93
2022-04-23,33.100857142857144,53.2035847,21.92
2022-04-24,32.97085714285714,51.9121041,21.92
2022-04-25,32.98157142857143,53.2062435,21.92
2022-04-26,32.99514285714286,53.5320086,21.92
2022-04-27,33.153,52.9049261,21.92
2022-04-28,33.18671428571429,52.4120211,21.92
2022-04-29,33.191428571428574,52.2771946,21.91
2022-04-30,33.18228571428571,51.0838261,21.91
2022-05-01,33.141,49.8202655,21.91
2022-05-02,33.20514285714286,47.3266048,21.91
2022-05-03,33.316857142857145,46.0026829,21.9
2022-05-04,33.31285714285714,46.831018,21.9
2022-05-05,33.26128571428571,47.6926638,21.9
2022-05-06,33.22042857142857,46.6417074,21.9
2022-05-07,33.13314285714286,46.6292961,21.89
2022-05-08,33.134,48.159266,21.89
2022-05-09,33.21814285714286,49.8256428,21.89
2022-05-10,33.143,48.7552366,21.89
2022-05-11,33.16642857142857,46.5274038,21.89
2022-05-12,33.658142857142856,47.117435,21.89
2022-05-13,33.63985714285714,47.8370875,21.88
2022-05-14,33.657,47.6524833,21.88
2022-05-15,33.82671428571429,45.9704984,21.88
2022-05-16,33.616571428571426,46.1693804,21.88
2022-05-17,33.603142857142856,47.4953635,21.88
2022-05-18,33.44871428571429,48.8083752,21.87
2022-05-19,33.030142857142856,48.213768,21.87
2022-05-20,NA,47.6054642,21.87
2022-05-21,NA,46.3413755,21.87
2022-05-22,NA,47.1040674,21.87
2022-05-23,NA,48.7543053,21.87
2022-05-24,NA,48.8092696,21.86
2022-05-25,NA,48.0412568,21.86
2022-05-26,NA,48.124021,21.86
2022-05-27,NA,49.5590973,21.86
2022-05-28,NA,50.6196754,21.86
2022-05-29,NA,51.6838624,21.86
2022-05-30,NA,48.3128042,21.86
2022-05-31,NA,48.320098,21.86
2022-06-01,NA,49.2199961,21.85
2022-06-02,NA,47.0277139,21.85
2022-06-03,NA,45.8075886,21.85
2022-06-04,NA,45.2973207,21.84
2022-06-05,NA,44.7179481,21.84
2022-06-06,NA,45.1726018,21.84
2022-06-07,NA,44.036357,21.84
2022-06-08,NA,44.2695589,21.84
2022-06-09,NA,45.4515894,21.84
2022-06-10,NA,44.7442382,21.84
2022-06-11,NA,46.0781083,21.84
2022-06-12,NA,45.8411096,21.84
2022-06-13,NA,47.5123535,21.84
2022-06-14,NA,48.3526559,21.84
2022-06-15,NA,46.8867543,21.84
2022-06-16,NA,47.5321572,21.84
2022-06-17,NA,49.199746,21.84
2022-06-18,NA,48.8152913,21.84
2022-06-19,NA,48.8782401,21.84
2022-06-20,NA,48.1227576,21.84
2022-06-21,NA,48.3104712,21.84
2022-06-22,NA,49.6433116,21.84
2022-06-23,NA,49.712426,21.84
2022-06-24,NA,49.717948,21.84
2022-06-25,NA,46.5351138,21.84
2022-06-26,NA,NA,21.84
2022-06-27,NA,NA,21.84
2022-06-28,NA,NA,21.84
2022-06-29,NA,NA,21.84
2022-06-30,NA,NA,21.84
2022-07-01,NA,NA,21.84
2022-07-02,NA,NA,21.84
2022-07-03,NA,NA,21.84
2022-07-04,NA,NA,21.84
2022-07-05,NA,NA,21.84
2022-07-06,NA,NA,21.83
2022-07-07,NA,NA,21.83
2022-07-08,NA,NA,21.83
2022-07-09,NA,NA,21.83
2022-07-10,NA,NA,21.83
2022-07-11,NA,NA,21.83
2022-07-12,NA,NA,21.83
2022-07-13,NA,NA,21.82
2022-07-14,NA,NA,21.82
2022-07-15,NA,NA,21.82
2022-07-16,NA,NA,21.82
2022-07-17,NA,NA,21.82
2022-07-18,NA,NA,21.82
2022-07-19,NA,NA,21.82
2022-07-20,NA,NA,21.81
2022-07-21,NA,NA,21.81
2022-07-22,NA,NA,21.81
2022-07-23,NA,NA,21.81
2022-07-24,NA,NA,21.81
2022-07-25,NA,NA,21.81
2022-07-26,NA,NA,21.81
2022-07-27,NA,NA,21.8
2022-07-28,NA,NA,21.8
2022-07-29,NA,NA,21.8
2022-07-30,NA,NA,21.8
2022-07-31,NA,NA,21.8
2022-08-01,NA,NA,21.8
2022-08-02,NA,NA,21.8
2022-08-03,NA,NA,21.78
2022-08-04,NA,NA,21.78
2022-08-05,NA,NA,21.78
2022-08-06,NA,NA,21.78
2022-08-07,NA,NA,21.78
2022-08-08,NA,NA,21.78
2022-08-09,NA,NA,21.78
2022-08-10,NA,NA,21.76
2022-08-11,NA,NA,21.76
2022-08-12,NA,NA,21.76
2022-08-13,NA,NA,21.76
2022-08-14,NA,NA,21.76
2022-08-15,NA,NA,21.76
2022-08-16,NA,NA,21.76
2022-08-17,NA,NA,21.75
2022-08-18,NA,NA,21.75
2022-08-19,NA,NA,21.75
2022-08-20,NA,NA,21.75
2022-08-21,NA,NA,21.75
2022-08-22,NA,NA,21.75
2022-08-23,NA,NA,21.75
2022-08-24,NA,NA,25.83
2022-08-25,NA,NA,25.83
2022-08-26,NA,NA,25.83
2022-08-27,NA,NA,25.83
2022-08-28,NA,NA,25.83
2022-08-29,NA,NA,25.83
2022-08-30,NA,NA,25.83
2022-08-31,NA,NA,25.82
2022-09-01,NA,NA,25.82
2022-09-02,NA,NA,25.82
2022-09-03,NA,NA,25.82
2022-09-04,NA,NA,25.82
2022-09-05,NA,NA,25.82
2022-09-06,NA,NA,25.82
2022-09-07,NA,NA,25.82
2022-09-08,NA,NA,25.82
2022-09-09,NA,NA,25.82
2022-09-10,NA,NA,25.82
2022-09-11,NA,NA,25.82
2022-09-12,NA,NA,25.82
2022-09-13,NA,NA,25.82
2022-09-14,NA,NA,25.81
2022-09-15,NA,NA,25.81
2022-09-16,NA,NA,25.81
2022-09-17,NA,NA,25.81
2022-09-18,NA,NA,25.81
2022-09-19,NA,NA,25.81
2022-09-20,NA,NA,25.81
2022-09-21,NA,NA,25.8
2022-09-22,NA,NA,25.8
2022-09-23,NA,NA,25.8
2022-09-24,NA,NA,25.8
2022-09-25,NA,NA,25.8
2022-09-26,NA,NA,25.8
2022-09-27,NA,NA,25.8
2022-09-28,NA,NA,25.78
2022-09-29,NA,NA,25.78
2022-09-30,NA,NA,25.78
2022-10-01,NA,NA,25.78
2022-10-02,NA,NA,25.78
2022-10-03,NA,NA,25.78
2022-10-04,NA,NA,25.78
2022-10-05,NA,NA,25.74
2022-10-06,NA,NA,25.74
2022-10-07,NA,NA,25.74
2022-10-08,NA,NA,25.74
2022-10-09,NA,NA,25.74
2022-10-10,NA,NA,25.74
2022-10-11,NA,NA,25.74
2022-10-12,NA,NA,25.73
2022-10-13,NA,NA,25.73
2022-10-14,NA,NA,25.73
2022-10-15,NA,NA,25.73
2022-10-16,NA,NA,25.73
2022-10-17,NA,NA,25.73
2022-10-18,NA,NA,25.73
2022-10-19,NA,NA,25.72
2022-10-20,NA,NA,25.72
2022-10-21,NA,NA,25.72
2022-10-22,NA,NA,25.72
2022-10-23,NA,NA,25.72
2022-10-24,NA,NA,25.72
2022-10-25,NA,NA,25.72
2022-10-26,NA,NA,25.7
2022-10-27,NA,NA,25.7
2022-10-28,NA,NA,25.7
2022-10-29,NA,NA,25.7
2022-10-30,NA,NA,25.7
2022-10-31,NA,NA,25.7
2022-11-01,NA,NA,25.7
2022-11-02,NA,NA,25.69
2022-11-03,NA,NA,25.69
2022-11-04,NA,NA,25.69
2022-11-05,NA,NA,25.69
2022-11-06,NA,NA,25.69
2022-11-07,NA,NA,25.69
2022-11-08,NA,NA,25.69
2022-11-09,NA,NA,25.67
2022-11-10,NA,NA,25.67
2022-11-11,NA,NA,25.67
2022-11-12,NA,NA,25.67
2022-11-13,NA,NA,25.67
2022-11-14,NA,NA,25.67
2022-11-15,NA,NA,25.67
2022-11-16,NA,NA,25.66
2022-11-17,NA,NA,25.66
2022-11-18,NA,NA,25.66
2022-11-19,NA,NA,25.66
2022-11-20,NA,NA,25.66
2022-11-21,NA,NA,25.66
2022-11-22,NA,NA,25.66
2022-11-23,NA,NA,25.65
2022-11-24,NA,NA,25.65
2022-11-25,NA,NA,25.65
2022-11-26,NA,NA,25.65
2022-11-27,NA,NA,25.65
2022-11-28,NA,NA,25.65
2022-11-29,NA,NA,25.65
2022-11-30,NA,NA,25.65
2022-12-01,NA,NA,25.65
2022-12-02,NA,NA,25.65
2022-12-03,NA,NA,25.65
2022-12-04,NA,NA,25.65
2022-12-05,NA,NA,25.65
2022-12-06,NA,NA,25.65
2022-12-07,NA,NA,25.64
2022-12-08,NA,NA,25.64
2022-12-09,NA,NA,25.64
2022-12-10,NA,NA,25.64
2022-12-11,NA,NA,25.64
2022-12-12,NA,NA,25.64
2022-12-13,NA,NA,25.64
2022-12-14,NA,NA,25.63
2022-12-15,NA,NA,25.63
2022-12-16,NA,NA,25.63
2022-12-17,NA,NA,25.63
2022-12-18,NA,NA,25.63
2022-12-19,NA,NA,25.63
2022-12-20,NA,NA,25.63
2022-12-21,NA,NA,25.62
2022-12-22,NA,NA,25.62
2022-12-23,NA,NA,25.62
2022-12-24,NA,NA,25.62
2022-12-25,NA,NA,25.62
2022-12-26,NA,NA,25.62
2022-12-27,NA,NA,25.62
2022-12-28,NA,NA,25.62
2022-12-29,NA,NA,25.62
2022-12-30,NA,NA,25.62
2022-12-31,NA,NA,25.62
